001504,Alabama - Bills,http://alisondb.legislature.state.al.us/alison/Splash_Bills.aspx,,,
001505,Alabama - Register (Notice of Adoption of Rule),http://www.alabamaadministrativecode.state.al.us/monthly.html,,,
000621,Alabama - Revised Statutes (Code of Alabama),http://alisondb.legislature.state.al.us/alison/CodeOfAlabama/1975/Coatoc.htm ,Ala. Code § {{TITLE}}-{{CHAPTER}}{{ARTICLE}}-{{SECTION}},,CODE_OF_ALABAMA
000619,Alabama - Admin Code,http://www.alabamaadministrativecode.state.al.us/,,,
000624,Alaska - Bills,http://www.akleg.gov/basis/Home/Bill/31,,,
001068,Alaska - Register,https://aws.state.ak.us/OnlinePublicNotices/Notices/Search.aspx,,,
001556,AHFC Single-Family Seller/Servicer Memorandums,https://www.ahfc.us/pros/lenders/seller-servicer-memorandums,,,
000626,Alaska - Revised Statutes,http://www.akleg.gov/basis/statutes.asp#01 ,Alaska Stat. § {{SECTION}},,ALASKA_STATUTES
000623,Alaska - Admin Code,www.akleg.gov/basis/aac.asp#TitleTable,,,
001061,Revised Statutes of Alberta (RSA 2000),https://www.qp.alberta.ca/570.cfm,,,
001580,Consolidated Regulations of Alberta,https://www.qp.alberta.ca/570.cfm,,,
001299,Argentina AAIP Site,https://www.argentina.gob.ar/aaip,,,
001300,Central Bank of Argentina Prudential Regulations,https://www.bcra.gob.ar/Pdfs/SistemasFinancierosYdePagos/marco%20normativo_i.pdf,,,
001301,Argentina Labour Laws,https://www.argentina.gob.ar/trabajo,,,
001664,Argentina - Administracion Federal de Ingresos Publicos (AFIP) General Resolutions,http://biblioteca.afip.gob.ar/search/query/index.aspx,,,
001665,Argentina - City of Buenos Aires Inspeccion General de Justicia (IGJ)  General Resolutions,https://www.argentina.gob.ar/justicia/igj/institucional/resoluciones-particulares,,,
001666,Argentina Civil Code,https://archive.org/stream/argentinecivilc00whelgoog/argentinecivilc00whelgoog_djvu.txt,,,
001667,Argentina Commercial Code,https://limeres.com/argentina-civil-commercial-code-2015-english-version/,,,
001668,Argentina Constitution,https://www.cof.org/sites/default/files/documents/files/Argentina/Argentina%20Constitution.pdf,,,
001669,Argentina Criminal Code (Penal Code),http://servicios.infoleg.gob.ar/infolegInternet/anexos/15000-19999/16546/texact.htm,,,
001670,Argentina Data Protection Agency (DPA) Dispositions,https://www.argentina.gob.ar/aaip/buscador-normativa,,,
001671,Argentina Decrees,https://www.boletinoficial.gob.ar/seccion/primera,,,
001672,Argentina Laws,https://www.boletinoficial.gob.ar/seccion/primera,,,
001673,Argentina Resolutions,https://www.boletinoficial.gob.ar/seccion/primera,,,
001674,Banco Central de la Republica Argentina (BCRA) Communications,https://www.bcra.gob.ar/SistemasFinancierosYdePagos/Buscador_de_comunicaciones.asp,,,
001675,Argentina - Unidad de Informacion Financiera (UIF) Regulations,https://www.argentina.gob.ar/uif/normativa/leyes,,,
000628,Arizona - Bills,https://apps.azleg.gov/BillStatus/BillOverview,,,
001064,Arizona - Register,https://azsos.gov/rules/arizona-administrative-register,,,
000627,Arizona - Administrative Code,https://azsos.gov/rules/arizona-administrative-code,Ariz. Admin. Code § {{TITLE}}-{{CHAPTER}}-{{SECTION}},,ARIZONA_ADMINISTRATIVE_CODE
000630,Arizona - Revised Statutes,https://www.azleg.gov/arstitle/ ,Ariz. Rev. Stat. § {{TITLE}}-{{SECTION}},,ARIZONA_STATUTES
000632,Arkansas - Register,https://www.sos.arkansas.gov/rules-regulations/arkansas-register/,,,
000633,Arkansas - Revised Statutes,https://advance.lexis.com/container?config=00JAA3ZTU0NTIzYy0zZDEyLTRhYmQtYmRmMS1iMWIxNDgxYWMxZTQKAFBvZENhdGFsb2cubRW4ifTiwi5vLw6cI1uX&crid=3c0891ba-930f-4528-8ab7-507137db9105&prid=aed02e37-ba1b-4a47-9d10-0ec5c629eedf ,Ark. Stat. § 1.1,,
001507,Arkansas - Bills,https://www.arkleg.state.ar.us/Bills,,,
000634,Arkansas Admin Rule,https://www.ark.org/rules_and_regs/index.php/rules/search/new,,,
000012,Australian Acts (Federal Register of Legislation),https://www.legislation.gov.au/Browse/ByTitle/Acts/InForce/0/0/Principal,,,
000014,Prudential and Reporting Standards for Authorised Deposit-Taking Institutions,https://www.apra.gov.au/industries/1/standards,,,
000015,APRA Register of authorised deposit-taking institutions,https://www.apra.gov.au/register-of-authorised-deposit-taking-institutions,,,
001302,AUSTRAC Recent Updates,https://www.austrac.gov.au/business/updates,,,
001303,AUSTRAC Guidance,https://www.austrac.gov.au/business/industry-specific-guidance,,,
001304,Australian Government Information Security Manual,https://www.cyber.gov.au/ism,,,
001305,Australia FWC Bulletins,https://www.fwc.gov.au/cases-decisions-and-orders/fwc-bulletin,,,
001306,Australia OAIC News and Media,https://www.oaic.gov.au/updates/news-and-media/,,,
001711,Australia - New Sourth Wales (NSW) Legislation,https://www.legislation.nsw.gov.au/#/,,,
001712,Australia - Queensland Legislation,https://www.legislation.qld.gov.au/,,,
001713,Australia - South Australian Legislation,https://www.legislation.sa.gov.au/index.aspx,,,
001714,Australia - Victoria Legislation,https://www.legislation.vic.gov.au/,,,
001715,Australia - Western Australia Legislation,https://www.legislation.wa.gov.au/,,,
001716,Australia Fair Work Commission (FWC) Decisions,https://www.fwc.gov.au/cases-decisions-and-orders,,,
001717,Australia - Fair Work Commission Awards,https://www.fwc.gov.au/search/document/award?search_api_views_fulltext&display_switcher=/search/document/award&field_fwc_doc_type%5B0%5D=3561&title&reference&field_fwc_doc_old_pub_code&field_fwc_doc_industry=All&field_fwc_doc_common_rule=All&field_fwc_doc_state=All,,,
001308,Bahamas Office of the Data Protection Commissioner Agency News and Press Releases,http://www.bahamas.gov.bs/wps/portal/public/Agency%20News%20and%20Press%20Release/!ut/p/b1/vZbJkqM4EIafpR7AbQmxHjGb2cSOgYsDDAUYY3BhG8PTDzXTEdPVHVN1mG6jA0GQqU-Z-SuldbKO1sk5vddleq27c3p6_07oPVIs0xFI1mRpkgMq9LEqSjZSXGIxiBcD8B8PD_7xB4rJ84u_QgEaqIFt8DazJSydWO_W0TaeOGFQR1lKXrXgrjTy3XM2D8P1CngzdgZlHYjw9rimsVETj4E-F_txTBRxK84n7HOneSVP1ozSytc86siHWeeettltN6IzJWsIXciTuh-K20pCZtCKeVW3D4thXO3mlB7yoORYrZ5rt9fyMoVEZ8q506lalUIc55Ut8WP1Fvgdt7NgpBHZlNrkar-ayJfvsX8S3GexQ-oLfxL8P__F4IO_RfjvtRMgrQcUMAjiZ_9fDb6o_W6dfLrE9wj-NvhMHl8JJPk8CrDG264t1vFixvwwjx-CxQzwrgcdwGK49tcRIPfecerVuZndI3hYZsOCoalnKAbIFEUXBw2Bcxl7RwtBCerYMIHPOOMwuxbOMzsP3WDDi7IuMfLPwI_r8gD5p4EKZbFLphjf5ikCKBZ8NhA9NaWKbYE_HuEH0ZDO76-htk7qrP02Htpv4BvL0ZBiWJJjaUCSLLMOjzHNiUsnlFT82gdXpTgWcxjUY7mpSl2GTluRTXCng22DGK5xT_Th2Mz7pFxo9uzOiC-j9qzc_Rvslsa3IWDHCvF4EUdJmShht3TVgG2I1y7sy2TXKRG9l6mVFQh-vm0u-SYPUKAHSL5lWXa4m-1bn3VJf1SFPYNUqHJuMHUobsohy2U7IwndbBrkVIcTTaHH2yhe81IccoVeqTzJTPzLy-ebxCB-lRDjmiZgIWawCf1Qx37kYV8ah1yAy-vBb3Xfj6HfnCx8jCfMbc1cXvIry03pjl8CVeLZQPhsIPNkIE8-G0g_G_hslTq_X6Uf-g7NMSyEBAkgQzCIIdahcSgfYseXoiS6w1yBPgGckHXxRnY8ofSy0igiRX_ds6ft8dC1geLU3TXNhHno282tO4ARBuk54eeudntUli1lk5pRrWhVTWvbeuxdtjvirKng9FBMri9KxQWRFX6RiO2v2podwm-GBxY32pIIdfDfG_DJHK4e9MR4BBIBPDHEZgMNLIEJX_3vDVg4dxF9-QpIPRvIPBnIEX8cqBNoARrIwKwAiQ39bODvr-HHU5tmIQA0y8Jl81CIez-1SUZk1VFU_b1XFTbWmORSa3Ehu2bvXPUAmG9UGknYIvYaqeZmDlHCNSsQv2WTNaFS5fs-Mi5-2h74cDKv1dbZzAde7NXTG0XypwybpyZCZRzKAqppxtpDPBaHoUyMNkqwGFXjgclak74UCQ7Ts3CWneulSnlD3skPrSFn6mrXd49WV6t-meLO3wbsJhFDFCct37R1SRvofPDtrHLt-9xx4jxEncgSy7XEWbpH3wZ3XdcN2pVexWj-dxTp6uPI5h9_88sV4C_RkYlX/dl4/d5/L2dBISEvZ0FBIS9nQSEh/,,,
001309,SCB Acts and Regulations,http://www.scb.gov.bs/acts_regs.html,,,
001310,"Bahamas Bills, Laws and Acts - Drafted , New or Amended",http://www.bahamas.gov.bs/wps/portal/public/attg%20bills%2C%20laws%20and%20acts/dma%20bills%2C%20laws%20and%20acts/!ut/p/b1/vZfZkqLKFoafpR_AbUIyXoIg85xM3hiiKIOAijI9_aZ6d_fZVbWr6lx0S0YYYfAnn2ux1p_L5WYZLTf1rstPu3ve1Lvzy_cNtYWSZTgrgjEYimCBgiFTEUQbSpCeBfGLAEgGx80CCQVgFgDO9TAHWBB_s9_mxJf9lulgOmbp-DJcRkkMSKE1Tmsu7JzSiHg53nPX0I7R0d30wM2HcFE-Wvnh09imQGti6o7J3hdqOBbNDfWthuc3kK2l7vE4ZryoVTotrO41t3cVZFzJCORSMh4c2ZH02rlEhLTNiEXKUSrstEOCElllHoxZOpeTUTKXIx5q5aa83jJHNpw9AbtYcDqtiBYnY2cR8uVHzOCDiwP_xPwzJQylvuRMszSd1aBkEG9z9l7war9EAgoovq1zNi3jloa_y_k7wY-cE4Y437bWK25-vEjI0BEg8MDP_R8LPuM7X_GdN-8cBD4PFNnQBGbFQCDT_-N_JPisZnj4BZ_4_Pdj5Fv-e8An-xkT-5z_Ivj_-B8Lvui5cLl5g3jfdd8Fn5Xop0VK0e8Q74vsUwHxC_GrzEhm_RIHqdsUizE8WMazgP64D8glWkaA2HrFeFGmcnKLyYHIb3EE8BGI-GgIx8D0S2CypmkUMcCQP5qIw0yxxb3ezbfBILu-z0kQkHvu27e3QAtHL8AVRmk-CTwK-9PANxGKxLOBT48QPhnog2cDqWcD6WcDf38fqstNnlR_9fvqL_AXTpIQUhQ5Wz-gIUMsg_kRw8tAIIiBTdDSQOL0Ie1Xu4ujrnhePa3Y0YM6ecE4E6RntltwjGlftWukSNyQZWhfRWOkrPCyauWyjXUg6QGVE_wo2_NRE9V7fNT4a9EvuoFsZK_HdvxRd4xmf6qJCPdFbAylQ-WJFXthGCsYmUpLdBerW7fprjvKIG-TSW-7O4crmeQy35am3FTp2zS-NmXGfV-ZoJ_aiZs8XeuB7gMEas9Ea5OjZQNF_t0nzZcMovJsmcJax_YDCNaOfFbuPP-FlQHyT8Ik0mJmq6eRzZE4ACv4RJj3e9P4qhIhg7E4CwBFUhTGEswy0ONBX7VGL8yjKZH3Iu0l4SM_qI-x0prCsbaVeDtEN7o6K3FqmEmhwvYY2KYJBA673xqy4MdVw9eMLq7IixL2SuizqrEu16afh83RnuoANVx222-3wqKgznlxGOU7uiT9weu3pnxoGl-IaDEA1-waNuGAo_xWGxa2uB97KKzJlGhI5lcLfzDSuPj7FnYtb9roXjmPA0KgGpOOzETskWnNbXsaAfJ7AzA40lXDAwSG2MQ-BK7Pc1zeVh3xFRA-GUiDZwOpZwOfnVLz96f0te9DiGMMwMn5EyPA7PszyymYvtG8qveLwDG9U6ezRx0Zt8BjaDtAYTMaUNWwGNNWhYYwEfPEsvW88aKL2XwGFdY03tXJ69yiVyatvM3xOObRhgfiAjLi2kiVv6K0FROMsm6MgaigHFxHMFi8ey1r0npcuROXGtG1-o-D8Y2jm--nKdo1kKBa6LY2wOTjBkLhfDDi3sHCWjHTsCLQkUhMxrQH5rQfjLv-I0FCv83b7CtXJ_408LXZShb2bOD3Ii9ijN8RTi8q0dbLmRQQg2oadQqaSHPacJ3kZ2qFZrEvBO4B3FlzD-lrLWexDOXOrOz7zdmch1YZcbkpXOmq64p2CmUBllTVDLwfyfTD295BBLM9006eKQ5NHlWu5RriGJxdlsvWzAAbQ3atk7_rWMoWCtnNBnGCrQoilPjpNmMl9XDPlNaWdzi2o-vuIC4ITyjdqHPF62GHoF0uzlTln27S_biBgsnq1NAv6Bzr7EePNOoePS5QXu99cHJVTC4sEgzXQ_5ofQCF43a7fyShq51OCz2pBFZZTan8aYlItgX--Bt71QSE8_tr8pVLMCyFkTRDsAwFCIKhX6ZDnBVaZa4O85ilgZQW6bT23Dg_n2IvS_17KalnlUVpgc60cz7HIRo32GNs92EipuJBXAvWI9HYG5E0Jzfp-hMStZjkmkE56-yGc_oxP-Er2Od6zF1AN2y7rOrtTZPXjXNOC5PaE-vFMSIvR4gCKDHJFt7sh1r49LmuDI-Mm0WK7-Vg9pMVuofxLcbtlYbX-BrsMWvLHe6ecwNf_BvVsP-Y8117rlTNm0wDFOHkCdFLYseW9bBWd3rgY4YpNnNitdmOS9Ca6Ediee460PEX7qI_GajJ1LOB8I8DNRzOQB3qJrPCcA08G4j_duCrbiQApAiGoSkcw3GGAN_bkSC_t6MYdmUVU7mWVs1iz2WnnXkevbAzypSoefqm5J63drfalkD-vY_Iuud5abwXPrX2d3vuwflHDeceo8Pt4ocK7w1HucnOHUIDSn2rSqYOtvaOu1UP9V48dlyaAjZDeLYpagfVHYXXPWZdOOCM5SNZxI7ARIzLpi11q4ZNYp0xM2PO2HEsHodrsGqIy2wTtKX7gz6Woq44_XULr8Txepn48TQf_pfK77Sfl065oitP0buVSl31z2Kwfy1Ydf9ar27182TxN5m5fKs!/dl4/d5/L2dBISEvZ0FBIS9nQSEh/,,,
001311,Bahamas Legislation,http://laws.bahamas.gov.bs/cms/en/legislation/laws/by-title.html#,,,
001676,The Central Bank of The Bahamas Guidelines and Regulations,https://www.centralbankbahamas.com/legal_guidelines.php,,,
001677,Securities Commission of The Bahamas (SCB) Rules and Orders,http://www.scb.gov.bs/rules_guide.html,,,
000039,Laws of Bangladesh,http://bdlaws.minlaw.gov.bd/laws-of-bangladesh.html,,,
001312,Bangladesh Investment Development Authority News,http://bida.gov.bd/?page_id=32,,,
001313,Bangladesh Parliament Notifications/Circulars,http://www.parliament.gov.bd/index.php/en/medias/general-notice?id=3405&csrt=16395761790878315757,,,
001718,Bangladesh Constitution,http://hrlibrary.umn.edu/research/bangladesh-constitution.pdf,,,
001719,Bangladesh Investment Development Authority (BIDA) Guidelines,http://bida.gov.bd/?page_id=7,,,
001338,Central Bank of Brazil Circulars,https://www.bcb.gov.br/estabilidadefinanceira/buscanormas?dataInicioBusca=01%2F01%2F2019&dataFimBusca=15%2F05%2F2020&tipoDocumento=Circular,,,
001339,Central Bank of Brazil Press Releases,https://www.bcb.gov.br/estabilidadefinanceira/buscanormas?dataInicioBusca=01%2F01%2F2019&dataFimBusca=15%2F05%2F2020&tipoDocumento=Comunicado,,,
001340,Central Bank of Brazil Resolutions,https://www.bcb.gov.br/estabilidadefinanceira/buscanormas?dataInicioBusca=01%2F01%2F2019&dataFimBusca=15%2F05%2F2020&tipoDocumento=Resolu%C3%A7%C3%A3o,,,
001341,Ministerio Publico Fed Noticias,http://www.mpf.mp.br/sala-de-imprensa/noticias,,,
001342,Brazil Ministry of Labour RSS Feeds,http://www.brazil.gov.br/search_rss?Subject%3Alist=Ministry%20of%20Labour,,,
001678,Brazil - Sao Paulo Municipal Decrees,http://legislacao.prefeitura.sp.gov.br/,,,
001679,Brazil - Sao Paulo Municipal Laws,http://legislacao.prefeitura.sp.gov.br/,,,
001680,Brazil Civil Code,http://www4.planalto.gov.br/legislacao/,,,
001681,Brazil Consolidated Labour Laws,http://www4.planalto.gov.br/legislacao/,,,
001682,Brazil Constitution,http://www4.planalto.gov.br/legislacao/,,,
001683,Brazil Consumer Protection Code,http://www4.planalto.gov.br/legislacao/,,,
001684,Brazil Criminal Code (Penal Code),http://www4.planalto.gov.br/legislacao/,,,
001685,Brazil Decrees,http://www4.planalto.gov.br/legislacao/,,,
001686,Brazil Temporary Constitutional Provisions Act,http://www4.planalto.gov.br/legislacao/,,,
001687,Brazilian Federal Revenue (RFB) Normative Rulings,http://normas.receita.fazenda.gov.br/sijut2consulta/consulta.action?tipoData=2&termoBusca=Minist%E9rio+P%FAblico+Federal,,,
001644,Consolidated Regulations of British Columbia,http://www.bclaws.ca/civix/content/crbc/crbc/?xsl=/templates/browse.xsl,,,
001645,British Columbia Laws,http://www.bclaws.ca/civix/content/complete/statreg/?xsl=/templates/browse.xsl,,,
000636,California Bill Information,http://leginfo.legislature.ca.gov/faces/billSearchClient.xhtml,Cal. [Subject] Code § 1,,
000640,California Regulatory Notice Register,https://oal.ca.gov/california_regulatory_notice_online/,"<iss.no.> Cal. Regulatory Notice Reg. <page no.>(<month day,year>)",page level,
001474,California Emergency Regulations,http://www.oal.ca.gov/regulations/emergency_regulations/Recent_Actions_Taken_on_Emergency_Regulations/,,,
000637,California Statutory Code,http://leginfo.legislature.ca.gov/faces/codes.xhtml,Cal. {{CODE}} § {{SECTION}},Cal. Gov't Code § 12955(e),CALIFORNIA_STATUTORY_CODE
001089,California Code of Regulations,https://govt.westlaw.com/calregs/Index?transitionType=Default&contextData=%28sc.Default%29 ,"Cal. Code Regs. tit. {{TITLE}}, § {{SECTION}}","Cal. Code Regs. tit. 21, §§ 7105.2",CALIFORNIA_CODE_OF_REGULATIONS
000057,OSFI Guidelines,https://www.osfi-bsif.gc.ca/Eng/fi-if/rg-ro/gdn-ort/gl-ld/Pages/default.aspx,,,
000065,Canadian Payments Association Rules and Standards,https://www.payments.ca/about-us/our-systems-and-rules/retail-system/rules-and-standards,,,
000066,Financial Consumer Agency of Canada (FCAC) Codes of Conduct,https://www.canada.ca/en/financial-consumer-agency/services/industry/laws-regulations/voluntary-codes-conduct.html,,,
000073,IIROC Consolidated Rules,https://www.iiroc.ca/industry/rulebook/Pages/consolidated-rules.aspx,,,
000076,Canada National Instruments,https://www.ific.ca/en/policy_topics/national-instruments/,,,
001343,OSFI Industry Notices,https://www.osfi-bsif.gc.ca/Eng/fi-if/in-ai/Pages/default.aspx,,,
001344,OSFI Email Notifications,https://www.osfi-bsif.gc.ca/Eng/Pages/Subscribe.aspx,,,
001345,CBA News,https://cba.ca/?cat=News,,,
001346,CSA News Releases,https://www.securities-administrators.ca/aboutcsa.aspx?id=94,,,
001347,CSA News Email Subscription,https://www.securities-administrators.ca/news_subscription.aspx?id=734,,,
001348,FINTRAC Interpretation Notices and Policy Interpretations,https://www.fintrac-canafe.gc.ca/guidance-directives/overview-apercu/FINS/1-eng,,,
001349,Canada Competition Bureau News Releases,https://www.canada.ca/en/news/advanced-news-search/news-results.html?_=1576239436121&typ=newsreleases&dprtmnt=competitionbureau&start=&end=,,,
001350,Canadian Human Rights Commission News Releases,https://www.chrc-ccdp.gc.ca/eng/media_medias/newreleases_communiques,,,
001351,"CRTC Decisions, Notices and Orders",https://crtc.gc.ca/eng/dno.htm,,,
001352,FCAC News Releases,https://www.canada.ca/en/news/advanced-news-search/news-results.html?_=1497361263934&dprtmnt=financialconsumeragency,,,
001353,Global Affairs Canada News,https://www.international.gc.ca/gac-amc/news-nouvelles/index.aspx?lang=eng,,,
001354,IIROC Notices,https://www.iiroc.ca/news/Pages/Notices.aspx,,,
001355,IIROC News Releases,https://www.iiroc.ca/news/Pages/News-Releases.aspx,,,
001356,OPC News and Announcements,https://www.priv.gc.ca/en/opc-news/news-and-announcements/,,,
001357,Senate of Canada Newsroom,https://sencanada.ca/en/Newsroom/,,,
001358,Parliament of Canada Bills,https://www.parl.ca/LegisInfo/Home.aspx?Language=E&Mode=1&ParliamentSession=43-1,,,
001367,British Columbia Securities Commission Notices,https://www.bcsc.bc.ca/Securities_Law/BCN/,,,
001368,Manitoba Securities Commission Notices,https://docs.mbsecurities.ca/msc/notices/en/nav_date.do,,,
001369,New Brunswick Financial and Consumer Services Commission News & Alerts,https://fcnb.ca/en/news-alerts,,,
001370,Newfoundland and Labrador Securities Commission Notices,https://www.gov.nl.ca/snl/securities/notices/,,,
001371,Northwest Territories Securities regulatory instruments and orders,https://www.justice.gov.nt.ca/en/securities-regulatory-instruments/#gn-filebrowse-1:/,,,
001372,Nova Scotia Securities Commission Media Releases,https://nssc.novascotia.ca/media-releases,,,
001373,Nunavut Securities Office Regulatory Instruments and Notices,http://nunavutlegalregistries.ca/sr_csa_notices.html,,,
001374,Ontario Securities Commission Regulatory Updates,https://www.osc.gov.on.ca/,,,
001375,Prince Edward Island Securities Notices,https://www.princeedwardisland.ca/en/information/justice-and-public-safety/securities-notices,,,
001376,Autorite Des Marches Financiers Regulations and Notices,https://lautorite.qc.ca/en/professionals/regulations-and-obligations/securities/,,,
001377,Saskatchewan FCAA Amendments to the Securities Regulations,https://fcaa.gov.sk.ca/regulated-businesses-persons/businesses/securities-industry-participants/securities-laws/amendments-to-the-securities-regulations,,,
001378,Yukon Superintendent of Securities Local Rules and Amendments,http://www.community.gov.yk.ca/fr/corp/local_rules.html,,,
001379,Alberta Securities Commission Regulatory Updates,https://www.albertasecurities.com/securities-law-and-policy/regulatory-updates,,,
001380,FSRAO Guidance,https://www.fsrao.ca/regulation/guidance,,,
001461,Alberta Workers' Compensation Board News and Announcements,https://www.wcb.ab.ca/about-wcb/news-and-announcements/,,,
001462,Workers' Compensation Board of British Columbia News Releases,https://www.worksafebc.com/en/about-us/news-events/news-releases,,,
001463,Workers' Compensation Board of Manitoba Policy Updates,https://www.wcb.mb.ca/policy-manual-updates,,,
001464,Worksafe NB News Releases,https://www.worksafenb.ca/about-us/news-and-events/news/,,,
001465,Workplace NL News Releases,https://workplacenl.ca/about/news/,,,
001466,WSCC News Releases,https://www.wscc.nt.ca/news,,,
001467,Workers' Compensation Board of Nova Scotia News Releases,https://www.wcb.ns.ca/About-Us/News-Room/News.aspx,,,
001468,WSIB Highlights (News Releases),https://www.wsib.ca/en/highlights,,,
001469,Worker's Compensation Board of Prince Edward Island News Releases,http://www.wcb.pe.ca/Information/NewsAndAnnouncements,,,
001470,CNESST Communiques de Presse,https://www.cnesst.gouv.qc.ca/salle-de-presse/communiques/Pages/communiques-de-presse.aspx,,,
001471,Saskatchewan Workers' Compensation Board News Releases,http://www.wcbsask.com/about-wcb/news/,,,
001472,"Yukon Workers' Compensation, Health and Safety Board News and Updates",https://wcb.yk.ca/newsandupdates.aspx,,,
001653,Consolidated Acts of Canada,https://laws-lois.justice.gc.ca/eng/acts/,,,
001654,Consolidated Regulations of Canada,https://laws-lois.justice.gc.ca/eng/regulations/,,,
001736,CRTC Unsolicited Telecommunications Rules,https://crtc.gc.ca/eng/trules-reglest.htm,,,
001737,OSFI Advisories,https://www.osfi-bsif.gc.ca/Eng/fi-if/rg-ro/gdn-ort/adv-prv/Pages/default.aspx,,,
001738,Quebec Charter of the French Language,http://legisquebec.gouv.qc.ca/en/ShowDoc/cs/C-11,,,
001739,FCAC Guidelines,https://www.canada.ca/en/financial-consumer-agency/services/industry/commissioner-guidance.html,,,
001743,FINTRAC Guidance,https://www.fintrac-canafe.gc.ca/guidance-directives/1-eng,,,
001744,CPA Payment System Procedures,https://www.payments.ca/about-us/our-systems-and-rules/large-value-transfer-system/payment-system-procedures,,,
001745,CSA STCS Guide,https://www.securities-administrators.ca/industry_resources.aspx?id=1669,,,
000676,Municipal Code of Chicago,http://library.amlegal.com/nxt/gateway.dll/Illinois/chicago_il/municipalcodeofchicago?f=templates$fn=default.htm$3.0$vid=amlegal:chicago_il,,,
001365,Ministry of Labour Notices (Chile),https://www.mintrab.gob.cl/category/noticias/,,,
001366,Chile Superintendency of Banks & Financial Institutions Publications,http://www.cmfchile.cl/portal/prensa/604/w3-propertyvalue-28770.html,,,
001688,Chile - Superintendencia de Bancos e Instituciones Financieras (SBIF) Laws,http://www.sbif.cl/sbifweb/servlet/LeyNorma?indice=3.2.1&idCategoria=5,,,
001689,Chile Constitution,https://www.leychile.cl/Consulta/,,,
001690,Chile Criminal Code (Penal Code),http://www.paginaschile.cl/biblioteca_juridica/codigo_penal/libro_primero.htm,,,
001691,Chile Decrees,https://www.leychile.cl/Consulta/,,,
001692,Chile Delegated Law,https://www.leychile.cl/Consulta/,,,
001693,Chile Labour Code,http://www.paginaschile.cl/biblioteca_juridica/codigo_del%20_tabajo_de_la_republica_de_chile.htm/codigo_trabajo.htm,,,
001694,Chile Law,https://www.leychile.cl/Consulta/,,,
001695,Chile Tax Code,https://www.ciat.org/tax-codes/?lang=en,,,
001696,Chile Unidad de Analisis (UAF) General Instructions,https://www.uaf.cl/legislacion/norm_sector.aspx,,,
001124,China Banking Regulatory Commission (CBRC) Guidelines,http://www.cbrc.gov.cn/news.do,,,
001125,The People's Bank of China (PBOC) Circulars,http://www.pbc.gov.cn/,,,
001314,People's Bank of China Press Releases,http://www.pbc.gov.cn/en/3688110/3688172/index.html,,,
001315,People's Bank of China National Laws,http://www.pbc.gov.cn/en/3688253/3689003/index.html,,,
001316,People's Bank of China State Council Regulations,http://www.pbc.gov.cn/en/3688253/3689006/index.html,,,
001317,People's Bank of China PBC Regulations & Rules,http://www.pbc.gov.cn/en/3688253/3689009/3788480/index.html,,,
001318,Labor Law of the People's Republic of China,https://www.cecc.gov/resources/legal-provisions/labor-law-of-the-peoples-republic-of-china,,,
001319,SAFE News (China),http://www.safe.gov.cn/en/SAFENews/index.html,,,
001320,SAFE Rules and Regulations (China),http://www.safe.gov.cn/en/RulesandRegulations/index.html,,,
001620,China - Civil Code,https://zh.wikisource.org/wiki/%E4%B8%AD%E5%8D%8E%E4%BA%BA%E6%B0%91%E5%85%B1%E5%92%8C%E5%9B%BD%E6%B0%91%E6%B3%95%E5%85%B8,,,
001621,China Banking Regulatory Commission (CBRC) Rules and Regulations,http://www.cbrc.gov.cn/index_regu.do?current=1,,,
001622,China Ministry of Industry and Information Technology (MIIT) Regulations and Policy,http://english.www.gov.cn/state_council/2014/08/23/content_281474983035940.htm,,,
001623,"People's Republic of China (PRC) Laws, Rules, and Regulations",http://english.www.gov.cn/archive/lawsregulations/,,,
001624,Beijing Regulations,cannot find,,,
001625,China Banking Regulatory Commission (CBRC) - Shanghai Branch,cannot find,,,
001626,Shanghai Regulations,http://www.shanghai.gov.cn/shanghai/node23919/node24025/node24039/index.html,,,
001627,China - Ministry of Human Resources and Social Security (MOHRSS) Regulations,http://www.mohrss.gov.cn/,,,
001413,Financial Superintendency of Colombia Media Releases,https://www.superfinanciera.gov.co/jsp/11051,,,
001697,Colombia - Mayor's Office of Bogota - Decrees,https://secretariageneral.gov.co/transparencia/marco-legal/normatividad,,,
001698,Colombia Ministry of Health Resolutions,https://www.minsalud.gov.co/Paginas/Norm_Resoluciones.aspx,,,
001699,Superintendencia Financiera de Colombia (SFC) Circulars,https://www.superfinanciera.gov.co/publicacion/19167,,,
001700,Superintendencia Financiera de Colombia (SFC) Decrees,https://www.superfinanciera.gov.co/publicacion/18306,,,
001701,Colombian Code of Commerce,http://arrincondelparque.com/images/documentos/codigo-comercio.pdf,,,
001702,Colombian Constitution ,https://colombia.justia.com/nacionales/constitucion-politica-de-colombia/,,,
001703,Colombian Constitutional Court Decisions,https://www.corteconstitucional.gov.co/english/#MainDecisions,,,
001704,Colombian Criminal Code (Penal Code),https://colombia.justia.com/nacionales/codigos/,,,
001705,Colombian Decrees,https://colombia.justia.com/nacionales/decretos/,,,
001706,Colombian Labour Code,"See Notes 2 for details; using http://www.secretariasenado.gov.co/senado/basedoc/codigo_sustantivo_trabajo.html instead of originally provided
https://colombia.justia.com/nacionales/leyes/",,,
001707,Colombian Laws,https://colombia.justia.com/nacionales/leyes/,,,
001708,Colombian Organic Statute of the Financial System,http://www.secretariasenado.gov.co/senado/basedoc/estatuto_organico_sistema_financiero.html,,,
001709,Colombian Tax Code,https://estatuto.co/,,,
000647,Colorado - Register,https://www.sos.state.co.us/CCR/RegisterHome.do,"<iss. No.> Colo.Reg. <page no.>(<month day,year>)",,
001508,Colorado - Bills,https://leg.colorado.gov/bills/,,,
000646,Colorado - Code of Colorado Regulations,https://www.sos.state.co.us/CCR/NumericalAgencyList.do?deptID=21&deptName=600%252520Department%252520of%252520Transportation,Colo. Code Regs. § {{DIVISION}}-{{CCR}},,COLORADO_CODE_OF_REGULATIONS
000648,Colorado - Revised Statutes,https://advance.lexis.com/container?config=0345494EJAA5ZjE0MDIyYy1kNzZkLTRkNzktYTkxMS04YmJhNjBlNWUwYzYKAFBvZENhdGFsb2e4CaPI4cak6laXLCWyLBO9&crid=fadf2682-8e7d-4a2e-8305-50081d7d97e8 ,Colo. Rev. Stat. § {{TITLE}}-{{ARTICLE}}-{{SECTION}},,COLORADO_STATUTES
000649,Connecticut - Bills,https://www.cga.ct.gov/asp/cgasubjectsearch/default.asp,,,
001069,Connecticut - Register,https://eregulations.ct.gov/eRegsPortal/Browse,,,
000650,Connecticut - Revised Statutes,https://www.cga.ct.gov/current/pub/titles.htm ,Conn. Gen. Stat. § {{TITLE}}-{{SECTION}},,CONNECTICUT_STATUTES
001509,Connecticut - Regulations,https://eregulations.ct.gov/eRegsPortal/Browse/RCSA,Conn. Agencies Regs. § {{TITLE}}-{{SUBTITLE}}-{{SECTION}},,CONNECTICUT_REGULATIONS
000675,Code of Ordinances of Cook County,https://library.municode.com/il/cook_county/codes/code_of_ordinances?nodeId=PTIGEOR_CH1GEPR_S1-5COEXHORUPO,,,
000652,Delaware - Register of Regulations,http://regulations.delaware.gov/services/current_issue.shtml,"<vol. no.> Del. Reg. Regs.<page no.> (<month day, year>)",page level,
001510,Delaware - Bills,https://legis.delaware.gov/AllLegislation,,,
000653,Delaware - Revised Statutes,https://delcode.delaware.gov/ ,"Del. Code tit. {{TITLE}}, § {{CHAPTER}}{{SECTION}}",,DELAWARE_CODE
000651,Delaware - Administrative Code,http://regulations.delaware.gov/AdminCode/,,,
001531,District of Columbia - Bills,http://lims.dccouncil.us/#,,,
001532,District of Columbia - Register,https://www.dcregs.dc.gov/,"<vol. no.> D.C. Reg. <page no.> (<month day, year>)",page level,
000655,District of Columbia - DUPLICATE,http//dccode.org/browser/,,,
000656,District of Columbia - Revised Statutes,"https://code.dccouncil.us/dc/council/code/,,
001414,Dominican Republic Ministry of Labour Notices,https://www.mt.gob.do/index.php/noticias,,,
001415,Banco Central Republica Dominicana Press Room,https://bancentral.gov.do/Home/PressRoom,,,
001416,Superintendency of Banks of the Dominican Republic Notices,https://www.sib.gob.do/noticias,,,
001720,Communication to WFBNA from Superintendency of Banks of the Dominican Republic,Sounds like a letter sent directly to Wells Fargo,,,
001721,Domincan Republic Tax Code Rulings,https://dgii.gov.do/legislacion/leyesTributarias/Paginas/default.aspx,,,
001722,Dominican Republic Labour Code,http://www.ilo.org/dyn/natlex/docs/WEBTEXT/29744/64852/S92DOM01.Rep,,,
001723,Dominican Republic Laws,https://republica-dominicana.justia.com/nacionales/leyes/,,,
001724,Dominican Republic Monetary Board Rules,https://bancentral.gov.do/a/resoluciones,,,
001725,Dominican Republic Presidential Decrees,https://www.scribd.com/user/167066606/Presidencia-Republica-Dominicana,,,
001726,Dominican Republic Tax Code,https://dgii.gov.do/legislacion/leyesTributarias/Documents/Codigo%20Tributario%20y%20Leyes%20que%20lo%20modifican%20y%20complementan/11-92.pdf,,,
001727,Superintendency of Banks (SIB) of the Dominican Republic Regulations,https://www.sib.gob.do/normativas-sib/reglamentos,,,
000162,EU Regulations,https://eur-lex.europa.eu/legal-content/EN/TXT/?uri=CELEX%3A32012R0918,,,
000166,Treaty on the Functioning of the European Union (TFEU),https://eur-lex.europa.eu/legal-content/EN/TXT/?uri=celex%3A12012E%2FTXT,,,
001112,EBA Outsourcing Guidelines,https://eba.europa.eu/sites/default/documents/files/documents/10180/2551996/38c80601-f5d7-4855-8ba3-702423665479/EBA%20revised%20Guidelines%20on%20outsourcing%20arrangements.pdf ,,,
001127,European Union Directives,https://europa.eu/european-union/eu-law/legal-acts_en,,,
001333,European Council Public Register,https://www.consilium.europa.eu/en/documents-publications/public-register/,,,
001334,European Council Press Releases,https://www.consilium.europa.eu/en/press/press-releases/,,,
001335,EU Single Rulebook,https://eba.europa.eu/regulation-and-policy/single-rulebook/interactive-single-rulebook,,,
001336,EBA News and Press,https://eba.europa.eu/all-news-and-press-releases,,,
001387,ESMA Library,https://www.esma.europa.eu/databases-library/esma-library,,,
001549,EU Treaties,https://eur-lex.europa.eu/collection/eu-law/treaties/treaties-force.html,,,
001550,International Agreements,https://eur-lex.europa.eu/browse/directories/inter-agree.html,,,
001551,Preparatory Documents,https://eur-lex.europa.eu/browse/directories/legislation-preparation.html,,,
001552,EFTA Documents,https://eur-lex.europa.eu/collection/eu-law/efta.html,,,
001553,EUR-Lex News,https://eur-lex.europa.eu/content/news/index.html,,,
001588,EBA Guidelines on Internal Governance,https://eba.europa.eu/sites/default/documents/files/documents/10180/1972987/eb859955-614a-4afb-bdcd-aaa664994889/Final%20Guidelines%20on%20Internal%20Governance%20(EBA-GL-2017-11).pdf,,,
001589,EU Commission Delegated Regulations,https://eur-lex.europa.eu/advanced-search-form.html?qid=1590721550074&action=update,,,
001548,Consolidated Texts,https://eur-lex.europa.eu/browse/directories/consleg.html,"<legislation type> <number and title>, <article level citations (optional)>, <publication date (year)> <OJ details>","Commission Regulation 2019/876, art. 400(2(a), 2019 O.J> (L150/1)(EU)",EU_CONSOLIDATED_TEXTS
001554,EU Official Journal,https://eur-lex.europa.eu/oj/direct-access.html,<year> O.J. (OJ number) 1 Art. <article no.>,2019 O.J. (L150) 1 Art. 400,EU_OFFICIAL_JOURNAL
001747,ECB AnaCredit Reporting Manual,https://www.ecb.europa.eu/stats/money_credit_banking/anacredit/html/index.en.html,"AnaCredit Reporting Manual {{MANUAL_PART_AND_TITLE}}, sec. {{SECTION}}",,ECB_ANACREDIT
001752,Basel Committee on Banking Supervision Publications ,https://www.bis.org/bcbs/publications.htm,BCBS: {{DOCUMENT}},,BCBS_PUBLICATIONS
001756,European Commission (EC) Publications,https://ec.europa.eu/info/publications_en,{{MAIN_TITLE}},,EC_PUBLICATIONS
001757,ESA Joint Guidelines,https://esas-joint-committee.europa.eu/Publications/Guidelines/,"Joint Committee of the European Supervisory Authorities, {{MAIN_TITLE}} ({{Publication Date}})",,ESA_JOINT_COMMITTEE_GUIDELINES
001758,ECB Banking Supervision Supervisory Practices Publications ,https://www.bankingsupervision.europa.eu/banking/html/index.en.html,ECB Banking Supervision Publications - {{MAIN_TITLE}} - {{NUMBERED_DIVISION}} ({{DATE_DESIGNATION}}),,ECB_BANKING_SUPERVISION
000659,Florida - Register,https://www.flrules.org/bigdoc/default.asp,"<vol no.> Fla. Admin. Reg. <page no.> (<month day,year>)",page level,
000658,Florida - Laws of Florida,http://laws.flrules.org/,,,FLORIDA_LAWS
000660,Florida - Revised Statutes,http://www.leg.state.fl.us/statutes/,Fla. Stat. § {{CHAPTER}}.{{SECTION}},,FLORIDA_STATUTES
001418,AMF News Releases,https://www.amf-france.org/en/news-publications/news-releases/amf-news-releases,,,
001419,CNIL News Releases,https://www.cnil.fr/en/actualite,,,
001420,ACPR Banque de France Registre Officiel,https://acpr.banque-france.fr/page-tableau-filtre/registre-officiel,,,
001421,Trésor Direction Générale Articles,https://www.tresor.economie.gouv.fr/Articles,,,
001448,TRACFIN Press Releases,https://www.economie.gouv.fr/tracfin/communiques-presse,,,
001590,French Civil Proceedings Code (Code des procedures civiles d'execution),https://www.legifrance.gouv.fr/affichCode.do?cidTexte=LEGITEXT000025024948,,,
001591,French Labour Code (Code du Travail),https://www.legifrance.gouv.fr/affichCode.do?cidTexte=LEGITEXT000006072050 ,,,
001592,French Social Security Code (Code de la securite sociale),https://www.legifrance.gouv.fr/affichCode.do?cidTexte=LEGITEXT000006073189,,,
001070,Georgia - Register,http://rules.sos.ga.gov/gac/,,,
001512,Georgia - Bills,http://www.legis.ga.gov/Legislation/en-US/Search.aspx,,,
000661,Georgia - Revised Statutes,https://advance.lexis.com/container?config=00JAAzZDgzNzU2ZC05MDA0LTRmMDItYjkzMS0xOGY3MjE3OWNlODIKAFBvZENhdGFsb2fcIFfJnJ2IC8XZi1AYM4Ne&crid=a39a0b24-78a9-43e0-9af1-a9693aba1e54,Ga. Code § {{TITLE}}-{{CHAPTER}}-{{SECTION}},Ga. Code Ann. 10-1-393.5,CODE_OF_GEORGIA
000662,Georgia - Rules and Regulations,http://rules.sos.state.ga.us/gac/,,,
001381,Bundesbank Press Releases,https://www.bundesbank.de/en/press/press-releases,,,
001382,Ministry of Justice and Consumer Protection News,https://www.bmjv.de/DE/News/Aktuelles/Artikel/artikel_node.html,,,
001383,BaFIn Journal,https://www.bafin.de/EN/PublikationenDaten/BaFinJournal/bafinjournal_node_en.html,,,
001384,Bundesbank Speeches,https://www.bundesbank.de/en/press/speeches,,,
001385,BaFin Circulars,https://www.bafin.de/SiteGlobals/Forms/Suche/EN/Expertensuche_Formular.html?cl2Categories_Format=Rundschreiben&gts=7855320_list%253DdateOfIssue_dt%252Bdesc,,,
001386,BaFin Newsletter,https://www.bafin.de/EN/DieBaFin/Service/Newsletter/newsletter_node_en.html,,,
001423,Federal Ministry of Labour and Social Affairs Press Releases,https://www.bmas.de/EN/Services/Press/recent-publications/recent-publications.html,,,
001593,German Acts,http://www.gesetze-im-internet.de/,,,
001594,German Codes,http://www.gesetze-im-internet.de/,,,
001359,United Nations Security Council Resolutions,https://www.un.org/securitycouncil/content/resolutions-0,,,
000667,Hawaii - Revised Statutes,https://www.capitol.hawaii.gov/docs/HRS.htm,Haw. Stat. § 1.1,,
001071,Hawaii - Register,http://ltgov.hawaii.gov/the-office/administrative-rules/administrative-rules-updates-monthly-reports/,,,
001513,Hawaii - Bills,https://www.capitol.hawaii.gov/,,,
000665,Hawaii - Administrative Rules,http://ltgov.hawaii.gov/the-office/administrative-rules/,,,
000182,HKMA AML Ordinances and Statutory Guidelines,https://www.hkma.gov.hk/eng/key-functions/banking/anti-money-laundering-and-counter-financing-of-terrorism/ordinances-statutory-guidelines/,,,
000203,HKMA Guidelines and Circulars,http://www.hkma.gov.hk/eng/key-information/guidelines-and-circulars/circulars/2015/,,,
000204,HKMA Supervisory Policy Manuals,http://www.hkma.gov.hk/eng/key-functions/banking-stability/supervisory-policy-manuals,,,
000205,HK SFC Circulars,http://www.sfc.hk/edistributionWeb/gateway/EN/circular,,,
001295,Hong Kong Statutory Instruments (Consolidated Laws),https://www.elegislation.gov.hk/index/chapternumber?p0=1&TYPE=1&TYPE=2&TYPE=3&LANGUAGE=E,,,
001296,"Hong Kong PCPD Speeches, Presentations & Articles",https://www.pcpd.org.hk/english/news_events/speech/index.html,,,
001297,Hong Kong Competition Commission Press Releases,https://www.compcomm.hk/en/media/press/press_announce.html,,,
001298,Hong Kong Companies Registry Press Releases,https://www.cr.gov.hk/en/publications/news-press/press.htm,,,
001072,Idaho - Register,https://adminrules.idaho.gov/bulletin/index.html,,,
001514,Idaho - Bills,https://legislature.idaho.gov/sessioninfo/2020/legislation/,,,
000668,Idaho - Admin Code,https://adminrules.idaho.gov/rules/current/index.html,,,
000670,Idaho - Revised Statutes,https://legislature.idaho.gov/statutesrules/idstat/,Idaho Code § {{TITLE}}-{{SECTION}},,IDAHO_STATUTES
000673,Illinois - Bills,http://www.ilga.gov/legislation/default.asp,,,
001073,Illinois - Register,https://www.cyberdriveillinois.com/departments/index/register/home.html,,,
000672,Illinois - Admin Code,http://www.ilga.gov/commission/jcar/admincode/titles.html,"Ill. Admin. Code tit. {{TITLE}}, § {{PART}}{{SECTION}}",,ILLINOIS_ADMINISTRATIVE_CODE
000674,Illinois - Revised Statutes,http://www.ilga.gov/legislation/ilcs/ilcs.asp,{{CHAPTER}} Ill. Comp. Stat. {{ACT}}/{{SECTION}},215 Ill. Comp. Stat. 155/18.1,ILLINOIS_STATUTES
001404,Reserve Bank of India Master Circulars,https://www.rbi.org.in/Scripts/BS_ViewMasterCirculardetails.aspx,,,
001405,Ministry of Corporate Affairs Notices and Circulars,http://www.mca.gov.in/MinistryV2/noticesandcirculars.html,,,
001406,India Ministry of Labor & Employment Press Releases,https://pib.gov.in/newsite/pmreleases.aspx?mincode=21,,,
001422,Ministry of Electronics and Information Technology Press Releases,http://meity.gov.in/press-releases,,,
001611,India Department of Telecommunications Acts & Rules,https://dot.gov.in/act-rules,,,
001612,India Acts and Rules,https://www.india.gov.in/my-government/acts,,,
001613,"India - Karnataka Acts, Ordinances, and Notifications",http://dpal.kar.nic.in/actsOrdinance.htm,,,
001614,India - Karnataka Orders and Circulars,https://karunadu.karnataka.gov.in/English/pages/Government-orders-and-Circular.aspx,,,
001615,India - State Acts of Telangana,https://indiacode.nic.in/handle/123456789/2508/,,,
001616,India - Government of Tamil Nadu Rules and Regulations,https://www.tn.gov.in/rules/dept,,,
001617,India - Government of Tamil Nadu Acts and Ordinances,https://www.tn.gov.in/acts,,,
001618,India - Securities and Exchange Board of India (SEBI) Regulations,https://www.sebi.gov.in/sebiweb/home/HomeAction.do?doListing=yes&sid=1&ssid=3&smid=0,,,
001619,India - Securities and Exchange Board of India (SEBI) Circulars,https://www.sebi.gov.in/sebiweb/home/HomeAction.do?doListing=yes&sid=1&ssid=7&smid=0,,,
000681,Indiana - Register,http://iac.iga.in.gov/iac/irtoc.htm,,,
001515,Indiana - Bills,http://iga.in.gov/legislative/2020/bills/,,,
000678,Indiana - Administrative Code,http://iac.iga.in.gov/iac//,{{TITLE}} Ind. Admin. Code {{REGULATION}},,INDIANA_ADMINISTRATIVE_CODE
000679,Indiana - DUPLICATE,http://iga.in.gov/legislative/laws/2019/ic/titles/001,,,
000682,Indiana - Revised Statutes,http://iga.in.gov/legislative/laws/2019/ic/titles/001,Ind. Code § {{TITLE}}-{{ARTICLE}}-{{CHAPTER}}-{{SECTION}},,INDIANA_CODE
001118,FX Global Code,https://www.globalfxc.org/fx_global_code.htm,,,
001641,International Organization of Securities Commissions (IOSCO) Principles,https://www.iosco.org/library/pubdocs/pdf/IOSCOPD561.pdf,,,
001748,OECD Guidance,https://www.oecd-ilibrary.org/,,,
001754,Financial Action Task Force (FATF) Media,http://www.fatf-gafi.org/publications/?hf=10&b=0&s=desc(fatf_releasedate),"Financial Action Task Force, ""{{PUBLICATION_TITLE}}"" ({{DATE_YEAR}})",,FINANCIAL_ACTION_TASK_FORCE_FATF_MEDIA
000684,Iowa - Bills,https://www.legis.iowa.gov/legislation/billTracking,,,
001074,Iowa - Register,https://www.legis.iowa.gov/law/administrativeRules/bulletinSupplementListings,,,
000683,Iowa - Administrative Code,https://www.legis.iowa.gov/law/administrativeRules/agencies,Iowa Admin. Code r. {{SECTION}},,IOWA_ADMINISTRATIVE_CODE
000686,Iowa - Revised Statutes,https://www.legis.iowa.gov/law/iowaCode,Iowa Code § {{CHAPTER}}.{{SECTION}},,IOWA_CODE
001321,CBI Press Releases,https://www.centralbank.ie/news-media/press-releases,,,
001322,CBI  Legal Notices,https://www.centralbank.ie/news-media/legal-notices,,,
001323,CBI Markets Update,https://www.centralbank.ie/regulation/markets-update,,,
001447,Data Protection Commissioner Press Releases,https://www.dataprotection.ie/en/news-media/press-releases,,,
001450,Oireachtas Bills,https://www.oireachtas.ie/en/bills/,,,
001542,Classified List of Legislation in Force in Ireland ,http://revisedacts.lawreform.ie/classlist/intro,,,
001543,ILRC Press Room,https://www.lawreform.ie/news.11.html,,,
001545,"Publications (e.g., Consultation Papers, Bulletins, Statistical Reports)",https://www.centralbank.ie/publication,,,
001546,"CBI News and Media (e.g., Legal Notices, Speeches, Press Releases)",https://www.centralbank.ie/news-media,,,
001583,Constitution of Ireland,http://www.irishstatutebook.ie/eli/cons.html,Constitution of Ireland 1937 art.<article number>.,,
001600,Letter from the Central Bank of Ireland to Wells Fargo,internal document,,,
001088,Ireland Statutory Instruments,http://www.irishstatutebook.ie/eli/statutory.html,SI {{INSTRUMENT}} (Ir.),,STATUTORY_INSTRUMENTS
001111,Acts of the Oireachtas,http://www.irishstatutebook.ie/eli/acts.html,{{ACT}} {{YEAR_DESIGNATION}} §{{SECTION}}({{PARAGRAPH}}) (Ir.),Section,OIREACHTAS_ACT
001115,Ireland Pre 1922 Acts,http://www.irishstatutebook.ie/eli/pre-acts.html,{{ACT}} (Ir. Pre-1922),,PRE_1922_ACTS
001541,ILRC Revised Acts,http://revisedacts.lawreform.ie/revacts/chron,{{ACT}} ({{YEAR_DESIGNATION}})§{{SECTION}}({{PARAGRAPH}}) (ILRC),,IRLC_REVISED_ACTS
001544,"Regulations (Codes, Guidelines, Letters, and Regulatory Notices) ",https://www.centralbank.ie/regulation,CBI <document type > ,2 layers down from whole document (leveraging guiding principles,
001749,Office of the Revenue Commissioners Guidance,https://revenue.ie/en/tax-professionals/index.aspx,,,
001750,Irish Takeover Panel Rules,http://irishtakeoverpanel.ie/rules/takeover-rules/,"Irish Takeover Panel Act 1997, {{DOCUMENT}}",,TAKEOVER_RULES
001751,Irish Auditing and Accounting Supervisory Authority (IAASA) Publications,https://www.iaasa.ie/Publications/Auditing-standards,    IAASA Guidance - {{MAIN_TITLE}},,IAASA_STANDARDS
001755,National Risk Assessment for Ireland,https://assets.gov.ie/8242/80ab9a41b1354405adcec66bfb1c0715.pdf ,"National Risk Assessment: Money Laundering and Anti-Terrorist Financing, Sec. {{SECTION}} (Ir., 2019)",,NATIONAL_RISK_ASSESSMENT
001595,Israel Statutes,https://www.icnl.org/resources/library?__country=israel,,,
000270,Financial Services Agency (FSA) Guidelines,https://www.fsa.go.jp/en/laws_regulations/index.html#03,,,
001407,FSA Weekly Review,https://www.fsa.go.jp/en/newsletter/index.html,,,
001451,Japan Ministry of Finance Press Releases,https://www.mof.go.jp/english/whats_new/,,,
001452,"Japan Ministry of Health, Labour and Welfare News Releases",https://www.mhlw.go.jp/english/new-info/index.html,,,
001575,Japan Acts,https://elaws.e-gov.go.jp/search/elawsSearch/elaws_search/lsg0100/,,,
001634,Japan Financial Services Agency (FSA) Guidelines,https://www.fsa.go.jp/en/refer/legislation/index.html,,,
001635,Japan Penal Code,http://www.japaneselawtranslation.go.jp/law/detail/?id=1960&vm=04&re=02,,,
001636,Japan Ministerial Ordinances,https://www.npb.go.jp/en/books/index.html,,,
001637,Japan Regulations,https://www.npb.go.jp/en/books/index.html,,,
001638,"Japan Ministry of Health, Labour and Welfare Guidelines and Notifications",https://www.mhlw.go.jp/english/topics/2011eq/workers/ri/index.html#gn,,,
000688,Kansas - Revised Statutes,http://www.kslegislature.org/li/b2019_20/statute/,Kan. Stat. § 1.1,,
001075,Kansas - Register,https://www.kssos.org/pubs/pubs_kansas_register.asp,,,
001534,Kansas - Bills,http://www.kslegislature.org/li/b2019_20/measures/bills/,,,
001533,Kansas - Admin Code,https://www.sos.ks.gov/Pubs/pubs_kar.aspx,,,
000691,Kentucky - Administrative Register,https://legislature.ky.gov/Law/kar/Pages/Registers.aspx,,,
001535,Kentucky - Bills,https://legislature.ky.gov/Legislation/Pages/default.aspx,,,
000689,Kentucky - Revised Statutes,https://apps.legislature.ky.gov/law/statutes/,Ky. Rev. Stat. § {{CHAPTER}}.{{SECTION}},,KENTUCKY_STATUTES
000692,Kentucky - Administrative Regulations,https://apps.legislature.ky.gov/law/kar/titles.htm,{{TITLE}} Ky. Admin. Code {{CHAPTER}}.{{REGULATION}},,ADMINISTRATIVE_COMPILATION
001389,FSS Rule Changes,http://www.fss.or.kr/fss/eng/p/lawsnregulations/aorc_list.jsp?bbsid=1446775076208,,,
001390,FSS Press Releases,http://www.fss.or.kr/fss/eng/p/news/pr_list.jsp?bbsid=1289277491315,,,
001391,Korea Fair Trade Commission Press Releases,http://www.ftc.go.kr/eng/cop/bbs/selectBoardList.do?key=515&bbsId=BBSMSTR_000000002402&bbsTyCode=BBST18,,,
001392,Korea ACRC Newsletters,http://www.acrc.go.kr/en/board.do?command=searchDetail&method=searchList&menuId=020503,,,
001393,Korea Ministry of Economy and Finance Press Releases,http://english.moef.go.kr/pc/selectTbPressCenterList.do?boardCd=N0001,,,
001434,Ministry of the Interior & Safety News and Notices,https://www.mois.go.kr/eng/bbs/type001/commonSelectBoardList.do?bbsId=BBSMSTR_000000000019,,,
001435,Ministry of Labour and Employment News,https://www.moel.go.kr/english/poli/poliNewsnews.jsp,,,
001436,Ministry of Economy and Finance Press Releases,http://english.moef.go.kr/pc/selectTbPressCenterList.do?boardCd=N0001,,,
001437,Financial Services Commission Press Releases,http://www.fsc.go.kr/eng/new_press/releases.jsp?menu=01&bbsid=BBS0048,,,
001453,Financial Services Commission Policy Highlights,http://meng.fsc.go.kr/?c=policy,,,
001576,Statutes of the Republic of Korea,https://elaw.klri.re.kr/eng_service/lawAllSearch.do?pCode=01,,,
001643,Korea Personal Information Protection Act (PIPA),http://law.go.kr/engLsSc.do?tabMenuId=tab45&query=%EC%A0%95%EB%B3%B4%ED%86%B5%EC%8B%A0%EB%A7%9D#,,,
001728,Korea - Financial Services Commission (FSC) Regulations,http://law.go.kr/LSW/admRulLsInfoP.do?admRulSeq=2100000179744,,,
001729,Korea Acts,https://elaw.klri.re.kr/eng_service/lawAllSearch.do?pCode=01,,,
001730,Korea Decrees,https://elaw.klri.re.kr/eng_service/lawAllSearch.do?pCode=01,,,
000696,Louisiana - Register,https://www.doa.la.gov/Pages/osr/reg/register.aspx,,,
000697,Louisiana - Revised Statutes,https://legis.la.gov/Legis/Laws_Toc.aspx?folder=75&level=Parent,La. Stat. § 1.1,,
001536,Louisiana - Bills,http://www.legis.la.gov/legis/BillSearch.aspx?sid=last,,,
000695,Louisiana - Admin Code,https://www.doa.la.gov/Pages/osr/lac/books.aspx,,,
001429,National Commission for Data Protection Decisions and Opinions,https://cnpd.public.lu/de/decisions-avis.html,,,
001430,CSSF News Releases,https://www.cssf.lu/en/publication-data/,,,
001431,Luxembourg Government Economy and Finance News,https://gouvernement.lu/en/actualites/toutes_actualites.html?eventDate=&eventEndDate=&r=f%2Faem_language%2Fen&search=&r=f%2Faem_theme%2Fgouv%3Athemes%5Cgouvernement%5Ceconomy_finance&search=&search=&search=&search=&search=,,,
001076,Maine - Register,https://www.maine.gov/sos/cec/rules/notices.html,,,
001516,Maine - Bills,http://legislature.maine.gov/LawMakerWeb/search.asp,,,
000699,Maine - Department Rules,https://www.maine.gov/sos/cec/rules/rules.html,{{AGENCY}}-{{CHAPTER}} Code Me. R. § {{SECTION}},,MAINE_DEPARTMENT_RULES
000700,Maine - Revised Statutes,http://legislature.maine.gov/statutes/,Me. Rev. Stat. tit. {{TITLE}} § {{SECTION}},,MAINE_STATUTES
001609,Continuing Consolidation of the Statutes of Manitoba (CCSM),http://web2.gov.mb.ca/laws/statutes/index_ccsm.php,,,
001610,Consolidated Regulations of Manitoba,http://web2.gov.mb.ca/laws/regs/index.php,,,
001077,Maryland - Register,http://www.dsd.state.md.us/MDR/mdregister.html,,,
001517,Maryland - Bills,http://mgaleg.maryland.gov/mgawebsite/Search/Legislation,,,
000704,Maryland - Revised Statutes,http://mgaleg.maryland.gov/webmga/frmStatutes.aspx?pid=statpage&tab=subject5,"Md. Code, {{ARTICLE}} § {{SECTION}}",,MARYLAND_STATUTES
000702,Maryland - Code,https://advance.lexis.com/container?config=00JAA1NTM5MzBmZC02MTg2LTQzNmEtYmI5Yy0yZWEwYzA1OGEwNTYKAFBvZENhdGFsb2fdgr2eooaZj7MpSZGOIwWq&crid=3a1879fc-17f8-4c2c-97dc-078c5ed2e309,,,
000707,Massachusetts - Bills,https://malegislature.gov/Bills,,,
001067,Massachusetts - Register,https://www.sec.state.ma.us/spr/massreg.htm,,,
000705,Massachusetts - Revised Statutes,https://malegislature.gov/laws/generallaws,"Mass. Gen. Laws ch. {{CHAPTER}}, § {{SECTION}}",,MASSACHUSETTS_LAWS
000706,Massachusetts - Code of  Regulations,https://www.mass.gov/guides/code-of-massachusetts-regulations-cmr-by-number,{{TITLE}} Mass. Code Regs. {{SECTION}},,ADMINISTRATIVE_COMPILATION
000711,Michigan - Bills,http://www.legislature.mi.gov/(S(bbhlc5d0dnoixe1ify4af1x1))/mileg.aspx?page=Bills,,,
000712,Michigan - Register,"https://www.michigan.gov/lara/0,4601,7-154-89334_10576_92306_92312_92359-494371--,00.html",,,
000713,Michigan - Revised Statutes,http://www.legislature.mi.gov/(S(x0ohl30gbc3xrbzuefs4peqz))/mileg.aspx?page=chapterindex,Mich. Stat. § 1.1,,
000710,Michigan - Admin Code,"https://www.michigan.gov/opt/0,5880,7-338-35738_5698---,00.html",,,
000716,Minnesota - Register,https://mn.gov/admin/bookstore/register.jsp,,,
001518,Minnesota - Bills,https://www.leg.state.mn.us/leg/legis,,,
000714,Minnesota - Administrative Rules,https://www.revisor.mn.gov/rules?view=list,Minn. R. {{CHAPTER}}.{{PART}},,MINNESOTA_ADMINISTRATIVE_RULES
000717,Minnesota - Revised Statutes,https://www.revisor.mn.gov/statutes/,Minn. Stat. § {{CHAPTER}}.{{SECTION}},,MINNESOTA_STATUTES
001085,Mississippi - Register,https://www.sos.ms.gov/adminsearch/default.aspx?current_page=Bulletin,,,
001520,Mississippi - Bills,http://billstatus.ls.state.ms.us/2020/pdf/mainmenu.htm,,,
000719,Mississippi - Revised Statutes,https://advance.lexis.com/container?config=00JAAzNzhjOTYxNC0wZjRkLTQzNzAtYjJlYS1jNjExZWYxZGFhMGYKAFBvZENhdGFsb2cMlW40w5iIH7toHnTBIEP0&crid=67f94836-f00e-4f48-8530-4f67dd341e19,Miss. Code § {{TITLE}}-{{CHAPTER}}-{{SECTION}},,MISSISSIPPI_CODE
001519,Mississippi - Admin Code,https://www.sos.ms.gov/adminsearch/default.aspx,,,
000723,Missouri - Register,https://www.sos.mo.gov/adrules/moreg/moreg,,,
000724,Missouri - Revised Statutes,http://revisor.mo.gov/main/Home.aspx,Mo. Stat. § 1.1,,
001521,Missouri - Bills ,https://www.senate.mo.gov/legislation/,,,
000721,Missouri - Code of State Regulations,https://www.sos.mo.gov/adrules/csr/csr,,,
000728,Montana - Register,http://www.mtrules.org/gateway/Browse_MAR.asp,,,
001522,Montana - Bills,http://laws.leg.mt.gov/legprd/law0203w$.startup?P_SESS=20191,,,
001523,Nebraska - Bills,https://www.nebraskalegislature.gov/bills/,,,
000726,Montana - Administrative Rules,http://www.mtrules.org/gateway/browse.asp,Mont. Admin. R. {{DEPARTMENT}}.{{CHAPTER}}.{{RULE}},,MONTANA_ADMINISTRATIVE_RULES
000729,Montana - Revised Statutes,https://leg.mt.gov/bills/mca/index.html,Mont. Code § {{TITLE}}-{{CHAPTER}}-{{SECTION}},,MONTANA_STATUTES
001078,Nebraska - Register,https://www.nebraska.gov/nesos/rules-and-regs/regtrack/index.cgi,,,
000731,Nebraska - Administrative Code,https://sos.nebraska.gov/rules-and-regs/regsearch/Rules/index.cgi,,,
000733,Nebraska - Revised Statutes,https://nebraskalegislature.gov/laws/browse-statutes.php,Neb. Rev. Stat. § {{CHAPTER}}-{{SECTION}},,NEBRASKA_STATUTES
000734,Nebraska - Uniform Commercial Code,https://nebraskalegislature.gov/laws/browse-ucc.php,Neb. Rev. Stat. - UCC § {{SECTION}},,NEBRASKA_UNIFORM_COMMERCIAL_CODE
001398,Autoriteit Persoonsgegevens News,https://www.autoriteitpersoonsgegevens.nl/en/news,,,
001584,Constitution of the Netherlands,https://www.government.nl/binaries/government/documents/reports/2019/02/28/the-constitution-of-the-kingdom-of-the-netherlands/WEB_119406_Grondwet_Koninkrijk_ENG.pdf,,,
001585,The Official Gazette (Staatsblad),https://wetten.overheid.nl/zoeken/,,,
001586,Dutch Civil Code,http://www.dutchcivillaw.com/civilcodebook01.htm,,,
001587,Dutch Decrees,https://wetten.overheid.nl/zoeken/,,,
001710,Hague Convention Treaties,https://ihl-databases.icrc.org/applic/ihl/ihl.nsf/vwTreatiesHistoricalByDate.xsp,,,
000736,Nevada - Bills,https://www.leg.state.nv.us/law1.cfm,,,
000737,Nevada - Register,https://www.leg.state.nv.us/register/,,,
000735,Nevada - Administrative Code,https://www.leg.state.nv.us/NAC/CHAPTERS.HTMl,Nev. Admin. Code § {{CHAPTER}}.{{SECTION}},,NEVADA_ADMINISTRATIVE_CODE
000738,Nevada - Revised Statutes,https://www.leg.state.nv.us/nrs/,Nev. Rev. Stat. § {{CHAPTER}}.{{SECTION}},,NEVADA_STATUTES
001646,New Brunswick Acts,http://laws.gnb.ca/,,,
001647,New Brunswick Regulations,http://laws.gnb.ca/en/BrowseTitle,,,
000739,New Hampshire - Bills,http://gencourt.state.nh.us/bill_status/,,,
000742,New Hampshire - Rulemaking Register,http://gencourt.state.nh.us/rules/register/default.htm,,,
000741,New Hampshire - Revised Statutes,http://www.gencourt.state.nh.us/rsa/html/nhtoc.htm,N.H. Rev. Stat. § {{CHAPTER}}:{{SECTION}},,NEW_HAMPSHIRE_STATUTES
001524,New Hampshire Admin Code,http://www.gencourt.state.nh.us/rules/about_rules/listagencies.htm,N.H. Code Admin. R. {{DEPT}} {{RULE}},,NEW_HAMPSHIRE_ADMINISTRATIVE_RULES
000744,New Jersey - Bills,https://www.njleg.state.nj.us/bills/bills0001.asp,,,
000746,New Jersey - Register (through June 1995),https://www.njstatelib.org/research_library/legal_resources/nj_legal_resources/nj_register/,,,
000743,New Jersey - Admin Code,https://advance.lexis.com/container?config=00JAA5OTY5MTdjZi1lMzYxLTQxNTEtOWFkNi0xMmU5ZTViODQ2M2MKAFBvZENhdGFsb2coFSYEAfv22IKqMT9DIHrf&crid=14f96b8f-3809-433b-9cfe-0399591bb416&prid=4e700b6c-ad53-4f29-af18-39ab0c92b5ea,,,
000747,New Jersey - Revised Statutes,https://lis.njleg.state.nj.us/nxt/gateway.dll?f=templates&fn=default.htm&vid=Publish:10.1048/Enu,N.J. Rev. Stat. § {{TITLE}}:{{SECTION}},,NEW_JERSEY_STATUTES
000749,New Mexico - Bills,https://www.nmlegis.gov/Legislation/Bill_Finder,,,
001079,New Mexico - Register,http://164.64.110.134/nmac/nmregister/home,,,
000751,New Mexico - Revised Statutes,https://nmonesource.com/nmos/nmsa/en/nav_date.do,N.M. Stat. § {{CHAPTER}}-{{ARTICLE}}-{{SECTION}},,NEW_MEXICO_STATUTES
000752,New Mexico - Rules,https://nmonesource.com/nmos/nmra/en/nav_date.do,,,
000755,New York - Bills,https://nyassembly.gov/leg/,,,
000760,New York - New York State Register,https://www.dos.ny.gov/info/register.htm,"<vol.no.> N.Y. Reg. <page no.>(<month day, year>)",page level,
000763,New York - Revised Statutes (Consolidated Laws of NY),https://www.nysenate.gov/legislation/laws/CONSOLIDATED,N.Y. {{SUBJECT}} LAW § {{SECTION}},,NEW_YORK_LAWS
001525,New York Admin Code,https://govt.westlaw.com/nycrr/index?__lrTS=20200430213004523&transitionType=Default&contextData=%28sc.Default%29,"N.Y. Comp. Codes R. & Regs. tit. {{TITLE}}, § {{PART}}.{{SECTION}}",,NEW_YORK_ADMINISTRATIVE_CODE
001424,FMA News Releases,https://www.fma.govt.nz/news-and-resources/media-releases/,,,
001425,Department of Internal Affairs (NZ) Press Releases,https://www.dia.govt.nz/press.nsf/index?OpenView,,,
001426,"Ministry of Business, Innovation, and Employment News Releases",https://www.mbie.govt.nz/about/news/,,,
001427,New Zealand Ministry of Justice News Releases,https://www.justice.govt.nz/about/news-and-media/news/,,,
001428,Office of the New Zealand Privacy Commissioner Privacy News,https://www.privacy.org.nz/news-and-publications/privacy-news/,,,
001731,New Zealand Acts,http://www.legislation.govt.nz/searchadvanced.aspx,,,
001657,Newfoundland and Labrador Consolidated Statutes,https://www.assembly.nl.ca/legislation/sr/titleindex.htm,,,
001658,Newfoundland and Labrador Consolidated Regulations,https://www.assembly.nl.ca/legislation/sr/regulations/titleindex2.htm,,,
000769,North Carolina - North Carolina Register,https://www.oah.nc.gov/documents/nc-register,,,
001526,North Carolina - Bills ,https://www.ncleg.gov/Legislation,,,
000768,North Carolina - North Carolina General Statutes,https://www.ncleg.gov/Laws/GeneralStatutes,N.C. Gen. Stat. § {{CHAPTER}}-{{SECTION}},,NORTH_CAROLINA_GENERAL_STATUTES
000766,North Carolina - North Carolina Admin Code,http://reports.oah.state.nc.us/ncac.asp,,,
001537,North Dakota - Register,http://www.legis.nd.gov/agency-rules/administrative-rules-supplement ,,,
001538,North Dakota - Bills,https://www.legis.nd.gov/assembly,,,
000772,North Dakota - Administrative Code,https://www.legis.nd.gov/agency-rules/north-dakota-administrative-code,N.D. Admin. Code {{TITLE}}-{{ARTICLE}}-{{CHAPTER}}-{{SECTION}},,NORTH_DAKOTA_ADMINISTRATIVE_CODE
000773,North Dakota - Revised Statutes (Century Code),https://www.legis.nd.gov/general-information/north-dakota-century-code,N.D. Cent. Code § {{TITLE}}-{{CHAPTER}}-{{SECTION}},,NORTH_DAKOTA_CENTURY_CODE
001661,Annual Statutes of the Northwest Territories,https://www.justice.gov.nt.ca/en/annual-statutes/,,,
001578,Consolidated Public Statutes of Nova Scotia,https://www.nslegislature.ca/legislative-business/bills-statutes/consolidated-public-statutes#l,,,
001655,Nova Scotia Consolidated Public Statutes,https://nslegislature.ca/legislative-business/bills-statutes/consolidated-public-statutes,,,
001656,Nova Scotia Consolidated Regulations,https://www.novascotia.ca/just/regulations/regsxact.htm,,,
001659,Nunavut Consolidated Statutes and Regulations,https://www.nunavutlegislation.ca/en/consolidated-law/current?title=A,,,
000778,Ohio - Register,http://www.registerofohio.state.oh.us/,,,
001539,Ohio - Bills,https://www.legislature.ohio.gov/legislation/acts,,,
000776,Ohio - Administrative Code,http://codes.ohio.gov/oac/,Ohio Admin. Code {{AGENCY}}-{{CHAPTER}}-{{RULE}},,OHIO_ADMINISTRATIVE_CODE
000779,Ohio - Revised Statutes (Revised Code),http://codes.ohio.gov/orc/,Ohio Rev. Code § {{CHAPTER}}.{{SECTION}},,OHIO_REVISED_CODE
000781,Oklahoma - Bills,http://www.oklegislature.gov/AdvancedSearchForm.aspx,,,
000783,Oklahoma - Register,http://www.oar.state.ok.us/oar/codedoc02.nsf/frmMain?OpenFrameSet&Frame=Main&Src=_75tnm2shfcdnm8pb4dthj0chedppmcbq8dtmmak31ctijujrgcln50ob7ckj42tbkdt374obdcli00_,,,
000784,Oklahoma - Revised Statutes,http://www.oklegislature.gov/osstatuestitle.html,"Okla. Stat. Tit. 1, § 1",,
000780,Oklahoma - Admin Code,http://www.oar.state.ok.us/oar/codedoc02.nsf/frmMain?OpenFrameSet&Frame=Main&Src=_75tnm2shfcdnm8pb4dthj0chedppmcbq8dtmmak31ctijujrgcln50ob7ckj42tbkdt374obdcli00_,,,
001651,Ontario Consolidated Statutes,https://www.ontario.ca/laws?search=&filteroption=current&filterstate%5B%5D=current&filteryear=&source_type%5B%5D=public&source_type%5B%5D=regulation&pit_date=&filtertype=Statute&sort=&sort_letter=&browse=on,,,
001652,Ontario Consolidated Regulations,https://www.ontario.ca/laws?search=&filteroption=current&filterstate%5B%5D=current&filteryear=&source_type%5B%5D=public&source_type%5B%5D=regulation&pit_date=&filtertype=Regulation&sort=&sort_letter=&browse=on,,,
001734,OSC Rules,https://www.osc.gov.on.ca/en/SecuritiesLaw_irps_index.htm,,,
001080,Oregon - Register,https://secure.sos.state.or.us/oard/displayBulletins.action,,,
001527,Oregon - Bills,https://www.oregonlegislature.gov/bills_laws/listbills/2020R1SessionBills.html,,,
000787,Oregon - Revised Statutes,https://www.oregonlegislature.gov/bills_laws/pages/ors.aspx,Or. Rev. Stat. § {{CHAPTER}}.{{SECTION}},,OREGON_REVISED_STATUTES
000785,Oregon - Administrative Rules,https://secure.sos.state.or.us/oard/advancedSearchResults.action,,,
000790,Pennsylvania - Bills,https://www.legis.state.pa.us/cfdocs/legis/home/bills/,,,
001081,Pennsylvania - Register,https://www.pacodeandbulletin.gov/,,,
000788,Pennsylvania - Revised Statutes,https://www.legis.state.pa.us/cfdocs/legis/LI/Public/cons_index.cfm,{{TITLE}} Pa Cons. Stat. § {{SECTION}},,PENNSYLVANIA_CONSOLIDATED_STATUTES
000791,Pennsylvania - Administrative Code,https://www.pacode.com/secure/browse.asp,{{TITLE}} Pa. Code § {{CHAPTER}}.{{SECTION}},,
001394,Philippines National Privacy Commission Advisory Opinions,https://www.privacy.gov.ph/advisory-opinions/,,,
001395,Philippines Securities and Exchange Commission Memorandum Circulars,http://www.sec.gov.ph/public-information-2/sec-issuances/securities-and-exchange-commission-memorandum-circulars/by-year/,,,
001396,Bangko Sentral ng Pilipinas Circulars,http://www.bsp.gov.ph/regulations/regulations.asp?type=1,,,
001399,Philippine Economic Zone Authority Press Releases,http://www.peza.gov.ph/index.php/press-release,,,
001400,Philippine Health Insurance Corporation Circulars,https://www.philhealth.gov.ph/circulars/2020/,,,
001401,Philippines Labor Code,https://www.dole.gov.ph/php_assets/uploads/2017/11/LaborCodeofthePhilippines20171.pdf,,,
001402,Philippines DOLE Department Orders,https://www.dole.gov.ph/department-orders/,,,
001432,Philippines Bureau of Customs Memorandum Circulars,http://customs.gov.ph/customs-memorandum-circular-cmc-2020/,,,
001433,Philippines Bureau of Internal Revenue Memorandum Circulars,https://www.bir.gov.ph/index.php/revenue-issuances/revenue-memorandum-circulars/2020-revenue-memorandum-circulars.html,,,
001442,Anti-Money Laundering Council (AMLC) News and Announcements,http://www.amlc.gov.ph/news-and-announcements#,,,
001454,Department of Environment and Natural Resources Administrative Orders,https://www.denr.gov.ph/index.php/laws-and-policies,,,
001455,Philippines Intellectual Property Office Memorandum Circulars,https://www.ipophil.gov.ph/administrative-issuances/,,,
001460,Senate of the Philippines Bills,http://www.senate.gov.ph/lis/leg_sys.aspx?congress=18&type=bill,,,
001642,Philippines Data Privacy Act,https://www.privacy.gov.ph/data-privacy-act/,,,
001740,Philippines Republic Acts,https://www.officialgazette.gov.ph/section/republic-acts/,,,
001741,Corporate Code of the Philippines,http://www.sec.gov.ph/laws-rules-decisions-and-resolutions/legislation/,,,
001650,Prince Edward Island Acts and Regulations,https://www.princeedwardisland.ca/en/legislation/all/all/all,,,
000793,Puerto Rico - Revised Statutes,https://advance.lexis.com/container?config=0151JABiZDY4NzhiZS1hN2IxLTRlYzUtOTg3Yi1hNzIxN2RlMDM1ZDIKAFBvZENhdGFsb2eo3IN9q6nyuOdhcatJGdcs&crid=fca7da32-9fe6-49c2-bcae-f88d2403c9bc&prid=60ba4d92-dbd6-4a07-bab0-780b63a0e8cc,,,
001086,Puerto Rico - Register,http://app.estado.gobierno.pr/ReglamentosOnLine/ReglOnLine.aspx,,,
001648,Consolidated Statutes of Quebec,http://www.legisquebec.gouv.qc.ca/en/BrowseChapter?corpus=statutes,,,
001649,Consolidated Regulations of Quebec,http://www.legisquebec.gouv.qc.ca/en/BrowseChapter?corpus=regs,,,
000794,Rhode Island - Bills,http://webserver.rilin.state.ri.us/BillText19/,,,
000795,Rhode Island - Code of Regulations,https://rules.sos.ri.gov/organizations,{{TITLE}}-{{CHAPTER}}-{{SUBCHAPTER}} R.I. Code R. § {{SECTION}},,RHODE_ISLAND_CODE_OF_REGULATIONS
000797,Rhode Island - Revised Statutes,http://webserver.rilin.state.ri.us/Statutes/,{{TITLE}} R.I. Gen. Laws § {{SECTION}},,RHODE_ISLAND_STATUTES
001579,Consolidated Statutes of Saskatchewan,https://www.canlii.org/en/sk/laws/stat/,,,
001735,Consolidated Regulations of Saskatchewan,https://www.canlii.org/en/sk/laws/regu/,,,
000358,Monetary Authority of Singapore (MAS) - Notices,https://www.mas.gov.sg/regulation/regulations-and-guidance?content_type=Notices,,,
001129,Monetary Authority of Singapore (MAS) - Acts,https://www.mas.gov.sg/regulation/regulations-and-guidance?content_type=Acts&page=2,,,
001130,Monetary Authority of Singapore (MAS) - Guidelines,https://www.mas.gov.sg/regulation/regulations-and-guidance?page=1&content_type=Guidelines,,,
001131,Monetary Authority of Singapore (MAS) - Codes,https://www.mas.gov.sg/regulation/regulations-and-guidance?page=1&content_type=Codes,,,
001439,MAS News Releases,https://www.mas.gov.sg/news,,,
001440,Republic of Singapore Press Releases,https://www.sgpc.gov.sg/,,,
001441,Personal Data Protection Commission of Singapore Announcements,https://www.pdpc.gov.sg/News-and-Events/Announcements?year=all&page=1,,,
001443,Singapore Ministry of Manpower Press Room,https://www.mom.gov.sg/newsroom,,,
001581,Singapore Statutes (Acts),https://sso.agc.gov.sg/Browse/Act/Current,,,
001639,Japan Ministry of Manpower Guidelines,https://www.mom.gov.sg/employment-practices/tripartism-in-singapore/tripartite-guidelines-and-advisories,,,
001640,Singapore Statutes (subsidiary legislation),https://sso.agc.gov.sg/Index,,,
000799,South Carolina - Ratifications & Acts,https://www.scstatehouse.gov/newlaws.php,,,
000803,South Carolina - South Carolina State Register,https://www.scstatehouse.gov/state_register.php,,,
000800,South Carolina - South Carolina Code of Laws,https://www.scstatehouse.gov/code/statmast.php,S.C. Code § {{TITLE}}-{{CHAPTER}}-{{SECTION}},,SOUTH_CAROLINA_CODE_OF_LAWS
000801,South Carolina - South Carolina Code of Regulations,https://www.scstatehouse.gov/coderegs/statmast.php,,,
000805,South Dakota - Bills,https://sdlegislature.gov/Legislative_Session/Bills/Default.aspx?Session=2019,,,
000807,South Dakota - Register,http://sdlegislature.gov/Rules/RegisterArchive.aspx,,,
000804,South Dakota - Administrative Rules,http://sdlegislature.gov/Rules/RulesList.aspx,S.D. Admin R. {{ARTICLE}}:{{CHAPTER}}:{{SECTION}},,SOUTH_DAKOTA_ADMINISTRATIVE_RULES
000808,South Dakota - Revised Statutes,http://sdlegislature.gov/statutes/Codified_Laws/,S.D. Codified Laws § {{TITLE}}-{{CHAPTER}}-{{SECTION}},,SOUTH_DAKOTA_LAWS
001444,Datainspektionen Nyheter,https://www.datainspektionen.se/nyheter/,,,
001602,Swedish Code of Statutes - Svensk forfattningssamling (SMS),https://lagrummet.se/rattsinformation/lagar-och-forordningar,,,
001403,Taiwan Financial Supervisory Commission Laws,https://law.fsc.gov.tw/law/EngLawQuery.aspx,,,
001445,Taiwan Ministry of Justice News,https://www.moj.gov.tw/lp-418-095.html,,,
001446,Taiwan Government News,https://www.taiwan.gov.tw/news.php,,,
001632,Taiwanese Law (Legislative Yuan & President),https://law.moj.gov.tw/Eng/,,,
001633,Taiwan Civil Code,https://law.moj.gov.tw/ENG/LawClass/LawAll.aspx?pcode=B0000001,,,
000810,Tennessee - Administrative Register,https://sos.tn.gov/products/division-publications/administrative-register,,,
001528,Tennessee - Bills,http://wapp.capitol.tn.gov/apps/indexes/,,,TENNESSEE_BILLS
000812,Tennessee - Effective Rules and Regulations,https://sos.tn.gov/effective-rules,Tenn. Comp. R. & Regs. {{RULE}},,TENNESSEE_RULES_AND_REGULATIONS
000813,Tennessee - Revised Statutes (Code),https://advance.lexis.com/container?config=014CJAA5ZGVhZjA3NS02MmMzLTRlZWQtOGJjNC00YzQ1MmZlNzc2YWYKAFBvZENhdGFsb2e9zYpNUjTRaIWVfyrur9ud&crid=2a0e12f6-5d17-4cb7-b8e0-52a2c312773f,Tenn. Stat. § 1.1,,
000817,Texas - Register,https://www.sos.state.tx.us/texreg/index.shtml,<vol. no.> Tex Reg. <page no.>,page level,
001529,Texas - Bills,https://lrl.texas.gov/legis/billsearch/index.cfm,,,
000815,Texas - Admin Code,https://texreg.sos.state.tx.us/public/readtac$ext.viewtac,{{TITLE}} Tex. Admin. Code § {{CHAPTER}}.{{SECTION}},,TEXAS_ADMINISTRATIVE_CODE
000818,Texas - Revised Statutes,https://statutes.capitol.texas.gov/,{{CODE}} Code § {{CHAPTER}}.{{SECTION}},,TEXAS_STATUTES
001397,Bank of Thailand Circulars,https://www.bot.or.th/App/FIPCS/Thai/PFIPCS_list.aspx,,,
001449,Thailand Government News,https://www.thaigov.go.th/news/contents/index/1200,,,
001459,Thailand Ministry of Commerce News Center,https://www.moc.go.th/index.php/moc-news-center-eng.html,,,
001628,Thai Acts and Statutes,http://www.thailaws.com/,,,
001629,Bank of Thailand Notifications,https://www.bot.or.th/App/FIPCS/Eng/PFIPCS_list.aspx,,,
001630,Consitution of Thailand,http://constitutionnet.org/sites/default/files/2017-05/CONSTITUTION+OF+THE+KINGDOM+OF+THAILAND+(B.E.+2560+(2017)).pdf,,,
001631,Bank of Thailand Policy,https://www.bot.or.th/Thai/FIPCS/Documents/FPG/2554/EngPDF/25540224.pdf,,,
001062,DFSA Rulebook,https://dfsaen.thomsonreuters.com/rulebook/dubai-financial-services-authority-dfsa,,,
001408,DFSA Consultation Papers,https://dfsaen.thomsonreuters.com/rulebook/current-papers,,,
001409,DFSA Notice of Amendments to Legislation,https://dfsaen.thomsonreuters.com/rulebook/amendments-legislation,,,
001410,Central Bank of the UAE Press Releases,https://www.centralbank.ae/en/about-us/media-center#collapseNews,,,
001411,Securities and Commodities Authority News Releases,https://www.sca.gov.ae/en/media-center/news.aspx#page=1,,,
001412,Ministry of Human Resources & Emiratisation Resolutions and Circulars,https://www.mohre.gov.ae/en/laws-legislation/announcements.aspx,,,
001585,Dubai International Financial Centre (DIFC) Laws and Regulations,https://www.difc.ae/business/laws-regulations/legal-database/#archived,,,
001603,UAE Penal Code,https://www.adjd.gov.ae/sites/Authoring/AR/ELibrary%20Books/E-Library/PDFs/Penal%20Code.pdf,,,
001604,UAE Federal Laws,https://elaws.moj.gov.ae/engLEGI.aspx,,,
000443,ICAP Rulebook,http://www.icap.com/~/media/files/Icap-Corp/pdfs-SEF/20150612_ICAP-r-4.PDF,,,
000446,UK Legislation,http://www.legislation.gov.uk/,,,
000447,UK JMLSG Guidance,http://www.jmls.org.uk/industry-guidance/article/jmlsg-guidance-current,,,
000448,UK PRA Rulebook,http://www.prarulebook.co.uk/,,,
000449,UK Takeover Panel Code,http://www.thetakeoverpanel.org.uk/the-code,,,
001324,HM Treasury Guidance,https://www.gov.uk/search/guidance-and-regulation?organisations%5B%5D=hm-treasury&parent=hm-treasury,,,
001325,Hm Treasury News,https://www.gov.uk/search/news-and-communications?organisations%5B%5D=hm-treasury&parent=hm-treasury,,,
001326,FCA Handbook,https://www.handbook.fca.org.uk/handbook,,,
001327,FCA Instruments,https://www.handbook.fca.org.uk/instrument,,,
001328,Prudential Regulation Publications,https://www.bankofengland.co.uk/news/prudential-regulation,,,
001329,Bank of England Weekly Reports,https://www.bankofengland.co.uk/news/publications,,,
001330,Competition and Markets Authority News,https://www.gov.uk/search/all?organisations%5B%5D=competition-and-markets-authority&order=updated-newest&parent=competition-and-markets-authority,,,
001456,ICO Enforcement Actions,https://ico.org.uk/action-weve-taken/enforcement/,,,
001457,UK Parliament Bills,https://services.parliament.uk/bills/,,,
001458,NCSC News,https://www.ncsc.gov.uk/section/keep-up-to-date/ncsc-news?q=&defaultTypes=news&sort=date%2Bdesc&start=0&rows=20,,,
001605,UK Common Law,http://www.bailii.org/,,,
001606,UK Draft Statutory Instruments,https://www.legislation.gov.uk/ukdsi,,,
001607,UK Public General Acts,https://www.legislation.gov.uk/ukpga,,,
001608,UK Statutory Instruments,https://www.legislation.gov.uk/uksi,,,
001746,FMSB Standards & Publications,https://fmsb.com/our-publications/#index-of-fmsb-publications,,,
000466,HUD Press Releases,http://portal.hud.gov/hudportal/HUD?src=/press/press_releases_media_advis,,whole document level,
000477,CFTC Industry Oversight AML,http://www.cftc.gov/IndustryOversight/AntiMoneyLaundering/index.htm,,whole document level,
000478,CFTC CEA Cases,http://www.cftc.gov/LawRegulation/CEACases/index.htm,,whole document level,
000479,CFTC Press Releases,https://www.cftc.gov/PressRoom/PressReleases,,whole document level,
000482,CFTC Dispositions,http://www.cftc.gov/LawRegulation/Dispositions/index.htm,,whole document level,
000483,CFTC Dodd Frank Guidance,http://www.cftc.gov/LawRegulation/DoddFrankAct/index.htm,,whole document level,
000484,CFTC Email Updates,http://www.cftc.gov/Transparency/index.htm,,whole document level,
000485,CFTC Federal Register,http://www.cftc.gov/LawRegulation/FederalRegister/index.htm,,whole document level,
000486,CFTC International MOU,http://www.cftc.gov/International/MemorandaofUnderstaning/index.htm,,whole document level,
000487,CFTC International Publications ,http://www.cftc.gov/International/InternationalIniatives/index.htm,,whole document level,
000488,CFTC Opinions& Adjudicatory Orders,http://www.cftc.gov/LawRegulation/OpinionsAdjudicatoryOrders/index.htm,,whole document level,
000490,CFTC Public Comments,http://comments.cftc.gov/PublicComments/ReleasesWithComments.aspx,,whole document level,
000492,CFTC Rules& Rule Amendments,http://www.cftc.gov/IndustryOversight/RuleAmendments/index.htm,,whole document level,
000493,CFTC Speeches and Testimony,http://www.cftc.gov/PressRoom/SpeechesTestimony/index.htm,,whole document level,
000494,CFPB Administrative Adjucation,https://www.consumerfinance.gov/administrative-adjudication-proceedings/,,whole document level,
000495,CFPB Advisory Groups,https://www.consumerfinance.gov/about-us/advisory-committees/,,whole document level,
000496,CFPB Amicus Program,http://www.consumerfinance.gov/amicus/,,whole document level,
000497,CFPB Blog,http://www.consumerfinance.gov/blog/,,whole document level,
000500,CFPB Newsroom,http://www.consumerfinance.gov/newsroom/,,whole document level,
000501,CFPB Notice and Comment,http://www.consumerfinance.gov/notice-and-comment/,,whole document level,
000504,CFPB Reports,http://www.consumerfinance.gov/reports/,,whole document level,
000506,ADA Standards,http://www.ada.gov/2010ADAstandards_index.htm,2010 Standards: <Title reference within the 4 sections> - <page no.>,2010 Standards: Titles II and III - 228,
000512,DOL Blog,https://blog.dol.gov/,,whole document level,
000513,DOL Advisory Opinions,https://www.dol.gov/agencies/ebsa/employers-and-advisers/guidance/advisory-opinions,,whole document level,
000514,DOL Bulletins,https://www.dol.gov/agencies/ebsa/employers-and-advisers/guidance/field-assistance-bulletins,,whole document level,
000516,DOL News Release,https://www.dol.gov/newsroom/releases,,whole document level,
000517,DOL Posters,https://www.dol.gov/general/topics/posters,,whole document level,
000518,DOL Tech Bulletin,https://www.dol.gov/agencies/ebsa/laws-and-regulations/rules-and-regulations/technical-appendices,,whole document level,
000522,Major Laws of DOL,https://www.dol.gov/general/aboutdol/majorlaws,Summary of the Majors Laws of the Department of Labor,Summary of the Majors Laws of the Department of Labor,
000523,DOL Notices,https://www.dol.gov/agencies/ebsa/laws-and-regulations/rules-and-regulations#federal-register,,whole document level,
000524,DOL RSS Feeds (multiple),http://www.dol.gv/rss/,,whole document level,
000525,DoL Significant Guidance Documents,http://www.dol/gov/asp/guidance/,,whole document level,
000527,Treasury Daily Guidance,http://www.treasury.gov/press-center/daily-guidance/Pages/default.aspx,,whole document level,
000528,Treasury Archived Press Releases,http://www.treasury.gov/press-center/press-releases/Pages/default.aspx,,whole document level,
000529,Department of Veterans Affairs Circulars (VA-Circulars),https://www.benefits.va.gov/HOMELOANS/resources_circulars_valeri.asp,,whole document level,
000537,FanMae SellGuide,"https://www.fanniemae.com/search#sort=date%20descending&f:@tags=[originate%20%26%20underwrite,mortgage%20products,deliver,single%20family]&f:@fmcontenttype=[Guide]",,whole document level,
000543,FCC Forms,https://www.fcc.gov/forms,,whole document level,
000544,FCC Office of Legislative Affairs,https://www.fcc.gov/office-legislation-affairs,,whole document level,
000545,FCC Rulemaking,https://www.fcc.gov/items-on-circulation,,whole document level,
000547,FDIC Bank Examinations,https://www.fdic.gov/regulations/examinations/,,whole document level,
000549,"FDIC Law, Regulations, Related Acts",https://www.fdic.gov/regulations/laws/rules/,,,
000551,FDIC Press Releases,https://www.fdic.gov/news/news/press/2015/,,whole document level,
000552,FDIC Speeches and Testimony,https://www.fdic.gov/news/news/speeches/index.html,,whole document level,
000553,FEMA Blog,http://www.fema.gov/blog,,whole document level,
000555,FEMA Fact Sheets,http://www.fema.gov/fact-sheets,,whole document level,
000556,FEMA News Releases,http://www.fema.gov/news-releases,,whole document level,
000557,FFIEC Advisory Letters,https://www.ffiec.gov/press.htm,,whole document level,
000561,Federal Reserve Press Releases,https://www.federalreserve.gov/newsevents/pressreleases.htm,,whole document level,
000563,Federal Reserve Commercial Paper Rates,https://www.federalreserve.gov/releases/CP/default.htm ,,whole document level,
000565,FinCen Guidance,https://www.fincen.gov/resources/statutes-regulations/guidance,,whole document level,
000567,FINRA Adjudication & Decisions,https://www.finra.org/rules-guidance/oversight-enforcement/decisions,,whole document level,
000568,FINRA Disciplinary Actions Online,https://www.finra.org/rules-guidance/oversight-enforcement/finra-disciplinary-actions-online,,whole document level,
000569,FINRA Guidance,https://www.finra.org/rules-guidance/guidance,,whole document level,
000579,HUD Letters,https://www.hud.gov/program_offices/administration/hudclips/letters,,whole document level,
000581,MSRB Notices,http://www.msrb.org/Rules-and-Interpretations/Regulatory-Notices.aspx,,whole document level,
000592,OCC Alerts,https://www.occ.gov/news-events/newsroom/index.html?nr=Alert,OCC Alert 2020-2,OCC Alert 2020-2,
000595,OCC Congressional Testimony (Oral),https://www.occ.gov/news-events/newsroom/index.html?nr=Congressional%20Testimony,,whole document level,
000596,OCC Congressional Testimony (Written),https://www.occ.gov/news-events/newsroom/index.html?nr=Congressional%20Testimony,,whole document level,
000597,OCC News Releases,https://www.occ.gov/news-events/newsroom/index.html?nr=News%20Release,,whole document level,
000598,OCC Speeches,https://www.occ.gov/news-events/newsroom/index.html?nr=Speech,,whole document level,
000600,SEC Proposed Rules,https://www.sec.gov/rules/proposed.shtml,,whole document level,
000602,SEC-Orders,https://www.sec.gov/enforce/Article/sec-orders-.html,,whole document level,
000604,SIFMA International Policy ,http://www.sifma.org/issues/?taxid=133,,whole document level,
000605,"SIFMA Legal,Compliance and Administration",http://www.sifma.org/issues/?taxid=145,,whole document level,
000606,SIFMA Operations and Technology,http://www.sifma.org/issues/?taxid=488,,whole document level,
000607,SIFMA Private Client,http://www.sifma.org/issues/?taxid=141,,whole document level,
000611,U.S. Department of the Treasury Bulletin,https://www.fiscal.treasury.gov/reports-statements/treasury-bulletin/current.html,,whole document level,
000612,U.S. Department of the Treasury Handbook,https://tfm.fiscal.treasury.gov/,,whole document level,
000754,FRBNY  - Financial Institution Supervision,https://www.newyorkfed.org/financial-institution-supervision,,whole document level,
001095,EEOC News Releases,https://www.eeoc.gov/eeoc/newsroom/index.cfm,,whole document level,
001096,FHFA Media,https://www.fhfa.gov/Media,,whole document level,
001097,FSOC News and Events,https://home.treasury.gov/policy-issues/financial-markets-financial-institutions-and-fiscal-service/fsoc/news-and-events,,whole document level,
001099,OFAC Recent Actions,https://www.treasury.gov/resource-center/sanctions/OFAC-Enforcement/Pages/OFAC-Recent-Actions.aspx,,whole document level,
001100,USDA News Releases,https://www.usda.gov/media/agency-news-releases,,whole document level,
001101,FTC Press Releases,https://www.ftc.gov/news-events/press-releases,,whole document level,
001102,SBA Newsroom,https://www.sba.gov/about-sba/sba-newsroom,,whole document level,
001103,USDA Rural Development Administrative Notices,https://www.rd.usda.gov/resources/directives/administrative-notices,,whole document level,
001104,CDFI News and Events,https://www.cdfifund.gov/news-events/Pages/default.aspx,,whole document level,
001105,Fannie Mae Newsroom,https://www.fanniemae.com/portal/media/news.html,,whole document level,
001106,Ginnie Mae Press Releases,https://www.ginniemae.gov/newsroom/Pages/press_releases.aspx,,whole document level,
001107,Freddie Mac Media Room,http://www.freddiemac.com/media-room/,,whole document level,
001108,Fannie Mae Servicing Guide,https://servicing-guide.fanniemae.com/,,whole document level,
001109,Freddie Mac Guide,https://guide.freddiemac.com/app/guide/,Section <section no.> - Freddie Mac Guide,Section 4201.19 - Freddie Mac Guide,
001110,Ginnie Mae MBS Guide,https://www.ginniemae.gov/issuers/program_guidelines/Pages/mbs_guide.aspx,"Ginnie Mae MBS Guide, Ch. <ch. No.>, Part <part no.>,  § <section and/or subsection reference>","Ginne Mae MBS Guide, Ch. 2, Part 7, § A(1)",
001475,FanMae Single Familly News Center,https://singlefamily.fanniemae.com/news-events,,whole document level,
001476,FCC Enforcement Actions,https://www.fcc.gov/enforcement#block-menu-block-4,,whole document level,
001477,FEMA Flood Insurance Manual Updates,https://nfipservices.floodsmart.gov/wyobull2020.html,,whole document level,
001478,FFIEC What's New,http://www.ffiec.gov/whatsnew.htm,,whole document level,
001479,FFIEC HDMA Reporting Guide,https://www.ffiec.gov/HMDA/guide.htm,,whole document level,
001480,Federal Reserve FAQ,https://www.federalreserve.gov/supervisionreg.htm,,whole document level,
001481,Federal Reserve What's New page,https://www.federalreserve.gov/recentpostings.htm,,whole document level,
001482,FinCen Press Releases / What's New,https://www.fincen.gov/news-room/news,,whole document level,
001483,FinCEN Advisories and Bulletins,https://www.fincen.gov/resources/advisoriesbulletinsfact-sheets,,whole document level,
001484,FINRA Rule Filings,https://tools.finra.org/rule_filings/,,whole document level,
001485,IRS Forms and Instructions,https://www.irs.gov/forms-pubs/changes-to-current-forms-publications,,whole document level,
001486,OCC Supervisory Condition Letters,https://www.occ.gov/topics/charters-and-licensing/interpretations-and-actions/2020/index-interpretations-and-actions-2020.html,,whole document level,
001487,SEC Interim Final Rules,https://www.sec.gov/rules/interim-final-temp.shtml,,whole document level,
001488,SEC Exemption Orders ,https://www.sec.gov/rules/exorders.shtml,,whole document level,
001489,SEC Interpretive Releases ,https://www.sec.gov/rules/interp.shtml,,whole document level,
001490,SBA Lender Documentation Tool,https://www.sba.gov/lender-documentation-tool,,whole document level,
001491,U.S. Supreme Court,http://www.supremecourt.gov/orders/ordersofthecourt.aspx ,,whole document level,
001492,CFPB Final Rules,http://www.consumerfinance.gov/policy-compliance/rulemaking/final-rules/,,whole document level,
001493,CFPB Proposed Rulemaking,http://www.consumerfinance.gov/policy-compliance/rulemaking/rules-under-development/,,whole document level,
001494,CFPB Enforcement Actions,https://www.consumerfinance.gov/policy-compliance/enforcement/actions/,,whole document level,
001495,CFPB Small Business Review Panels,http://www.consumerfinance.gov/policy-compliance/rulemaking/small-business-review-panels/,,whole document level,
001496,CFPB Supervisory Highlights,http://www.consumerfinance.gov/policy-compliance/guidance/supervisory-highlights/,,whole document level,
001497,USCIS News Alerts,http://www.uscis.gov/news/alerts,,whole document level,
001498,USCIS What's New,https://www.uscis.gov/i-9-central/whats-new,,whole document level,
001499,USCIS News Releases,https://www.uscis.gov/news-releases,,whole document level,
001500,DOJ Enforcement Actions,https://www.justice.gov/crt/housing-and-civil-enforcement-section,,whole document level,
001501,HAMP Servicer Updates/Directives,https://www.hmpadmin.com/portal/programs/guidance.jsp,,whole document level,
001502,EEOC Guidance -- Compliance,https://www.eeoc.gov/laws/guidance/compliance.cfm,,whole document level,
001503,EEOC Guidance -- Enforcement,https://www.eeoc.gov/laws/guidance/enforcement_guidance.cfm,,whole document level,
001555,ARRC Announcements,https://www.newyorkfed.org/arrc/announcements,,whole document level,
001558,Freddie Mac Single Family News & Updates on Uniform Instruments,https://sf.freddiemac.com/tools-learning/uniform-instruments/news-updates,,whole document level,
001559,Ginnie Mae Bulletins,https://www.ginniemae.gov/investors/disclosures_and_reports/Pages/bulletins.aspx,,whole document level,
001560,Ginnie Mae In Brief,https://www.ginniemae.gov/newsroom/GinnieInBrief/Pages/default.aspx,,whole document level,
001561,FCC Economics & Analytics,https://www.fcc.gov/economics-and-analytics,,whole document level,
001562,HUD Announcements,https://www.hud.gov/program_offices/housing/sfh/FHA_info_messages,,whole document level,
001563,FHLB Announcements/Marketing Bulletins,https://www.fhlbmpf.com/mpf-guides/mpf-communication/Index/?pg=1&nt=&pt,,whole document level,
001566,What’s New on HUDCLIPS,https://www.hud.gov/program_offices/administration/hudclips/whatsnew,,whole document level,
001567,"Notices, Rules and Regulations - Public and Indian Housing ",https://www.hud.gov/program_offices/public_indian_housing/publications/notices,,whole document level,
001568,"IRS National Standards: Food, Clothing and Other Items",https://www.irs.gov/businesses/small-businesses-self-employed/national-standards-food-clothing-and-other-items,,whole document level,
001569,Office of Legal Counsel Opinions,https://www.justice.gov/olc/opinions,,whole document level,
001571,CDFI Impact Blog,https://www.cdfifund.gov/impact/Pages/default.aspx,,whole document,
001572,Rural Development Procedures Notices,https://www.rd.usda.gov/resources/directives/procedures-notices,,whole document level,
001573,Rural Development Administrative Notices,https://www.rd.usda.gov/resources/directives/administrative-notices,,whole document level,
001574,VA VALERI Servicer News,http://www.benefits.va.gov/homeloans/servicers_valeri_news.asp,,whole document level,
000471,CFPB SE Manual,https://www.consumerfinance.gov/policy-compliance/guidance/supervision-examinations/,"<Part name>: <bulleted title from table of contents, which is displayed at the top right of each page>, pg. <page no. or page range>","CFPB SE Manual Examination Procedures: Prepaid Accounts, pg. 38",
000474,Code of Federal Regulations,https://gov.ecfr.io/cgi-bin/,{{TITLE}} C.F.R. § {{PART}}.{{SECTION}},12 C.F.R. § 9.18 (b)(4)(i),CFR
000499,CFPB Guidance,http://www.consumerfinance.gov/guidance/,CFPB Supervisory Guidance: {{MAIN_TITLE}},CFPB Bulletin 2014-01,CFPB_GUIDANCE
000560,Federal Reserve BHC Supervision Manual,https://www.federalreserve.gov/publications/supervision_bhc.htm,"Federal Reserve BHC Manual, ""{{MAIN_TITLE}}"" {{SECTION}}",Federal Reserve BHC Supervision Manual Section 1040.0.3.1,FEDERAL_RESERVE_BHC_MANUAL
000562,Federal Reserve SR Letters,https://www.federalreserve.gov/supervisionreg/srletters/srletters.htm,SR {{LETTER}},SR 07-16,FEDERAL_RESERVE_SR_LETTERS
000582,MSRB Rules,http://www.msrb.org/Rules-and-Interpretations/MSRB-Rules.aspx,MSRB Rule G-5,MSRB Rule G-8(a)(xiii)(C),
000591,OCC Advisory Letters,https://www.occ.gov/news-events/newsroom/index.html?nr=Advisory%20Letter,AL {{LETTER}},OCC AL 2004-2,OCC_LETTERS
000593,OCC Bulletins,https://www.occ.treas.gov/news-events/newsroom/index.html?nr=Bulletin,"OCC Bulletin: ""{{BULLETIN}}""",OCC Bulletin 2007-28,OCC_BULLETINS
000594,OCC Comptroller's Handbook,https://www.occ.treas.gov/publications-and-resources/publications/comptrollers-handbook/index-comptrollers-handbook.html,OCC Comptroller's Handbook: <booklet name>:  <Section> - <Subsection> - <sub-subsection>,OCC Comptroller's Handbook Retail Nondeposit Investment Products - Introduction - Risks Associated with RNDIP Sales Programs - Compliance Risk,OCC_HANDBOOK
001119,Basel Committee Coordination Bulletins,https://www.federalreserve.gov/supervisionreg/basel/basel-coordination-committee-bulletins.htm,BCC Bulletin {{BULLETIN}},BCC Bulletin 13-5,FEDERAL_RESERVE_BCC_BULLETINS
001733,Internal Revenue Bulletins,https://www.irs.gov/irb,IRS Bulletin {{BULLETIN}} {{PART}},whole document level,IRS_BULLETINS
001753,FASB Accounting Standards,https://www.fasb.org/cs/ContentServer?c=Page&cid=1175805317350&d=&pagename=FASB%2FPage%2FLandingPage,,,
000476,Federal Register,https://www.federalregister.gov/,<volume no.> FR < starting page no.>,84 FR 20541,
000480,CFTC Staff Letters,https://www.cftc.gov/LawRegulation/CFTCStaffLetters/letters.htm,CFTC <Letter Type> Letter <Letter number>, CFTC No-Action Letter 15-64,
000548,FDIC Fin. Inst. Letters (FIL),https://www.fdic.gov/news/news/financial/,FIL-84-2008,FIL-84-2008,
000558,FFIEC IT Handbook,https://ithandbook.ffiec.gov/ ,"FFIEC IT Examination Handbook, {{BOOKLET_TITLE}}",,
000566,NASD Rules,https://www.finra.org/rules-guidance/rulebooks/retired-rules,NASD Rule2320,NASD Rule 2320(a),
000570,FINRA Notices,https://www.finra.org/rules-guidance/notices,FINRA Regulatory Notice 16-11,FINRA Regulatory Notice 16-11,
000571,FINRA Rules,https://www.finra.org/rules-guidance/rulebooks/finra-rules,FINRA Rule no. {{RULE}},FINRA Rule 2360(b)(18)(A)(i),
000578,GPO Public Laws,https://www.congress.gov/public-laws/,Pub. L. <No.>,Pub. L. <No.>,
000585,NFA Rulebook,https://www.nfa.futures.org/rulebook/index.aspx,NFA Rule 2-10,NFA Rule 2-10,
000586,NFA Notices,https://www.nfa.futures.org/news/newsNoticeList.asp,NFA Interpretive Notice <notice no.>,NFA Interpretive Notice 9002,
000599,SEC Final Rules,https://www.sec.gov/rules/final.shtml,SEC Final Rules <release no.>,SEC Final Rules 33-10876,
000601,SEC-CDI,https://www.sec.gov/divisions/corpfin/cfguidance.shtml,,whole document level (hyperlinked title),
000610,U.S. Code,https://uscode.house.gov/,15 U.S.C. § 1681,15 USC §6502(b)(1)(A)(ii),
000821,NYSE Rules,https://www.nyse.com/index,NYSE Rule <rule no.>(<para letter>)(<sub para no.>),NYSE Rule 409(b)(1),
001577,CME Rulebook,https://www.cmegroup.com/rulebook/CME/,CME Rule 980,CME Rule 980,
000824,Utah - Bills,https://le.utah.gov/~2019/bills/static/HB0001.html,,,
001083,Utah - Register,https://rules.utah.gov/publications/utah-state-bull/,"<iss. no.> Utah Bull. <page no.>(<month day,year>)",page level,
000826,Utah - Revised Statutes,https://le.utah.gov/xcode/code.html,Utah Code § {{TITLE}}-{{CHAPTER}}-{{SECTION}},,UTAH_CODE
000823,Utah - Admin Code,https://rules.utah.gov/publications/utah-adm-code/,,,
000845,Vermont - Bills,https://legislature.vermont.gov/bill/introduced/2020,,,
001065,Vermont - Register,https://secure.vermont.gov/SOS/rules/search.php,,,
000846,Vermont - Code of Vermont,https://advance.lexis.com/container?config=0147JAAzNTM4MTQxMS04MjI5LTQxN2QtODFjMy1hNWQ1OGExMjc3ZTUKAFBvZENhdGFsb2e0UpKanB5ifXeRwqlwuxNP&crid=87339e14-282c-4b12-a4bb-c3accc920574,,,
000848,Vermont - Revised Statutes,https://legislature.vermont.gov/statutes/,"Vt. Stat. Tit. § 1, § 1",,
001388,Vietnam National Assembly News & Events,http://quochoi.vn/en-US/news-events/Pages/new-events.aspx,,,
001663,Constitution of Vietnam,http://quochoi.vn/en-US/abouts/Constitution/Pages/The-1992-Constitution.aspx,,,
001742,Vietnam Labor Code,,,,
000853,Virginia - Register,http://register.dls.virginia.gov/toc.aspx?voliss=36:02,,,
001530,Virginia - Bills ,https://leg1.state.va.us/cgi-bin/legp504.exe?201+men+BIL,,,
000850,Virginia - Revised Statutes,https://law.lis.virginia.gov/vacode,Va. Code § {{TITLE}}-{{SECTION}},,VIRGINIA_CODE
000851,Virginia - Admin Code,https://law.lis.virginia.gov/admincode/,{{TITLE}} Va. Admin. Code § {{AGENCY}}-{{CHAPTER}}-{{SECTION}},,VIRGINIA_ADMINISTRATIVE_CODE
000856,Washington - Bills,https://app.leg.wa.gov/billinfo/,,,
000858,Washington - Register,http://leg.wa.gov/CodeReviser/Pages/Washington_State_Register.aspx,,,
000855,Washington - Administrative Code,https://app.leg.wa.gov/wac/,Wash. Admin. Code § {{TITLE}}-{{CHAPTER}}-{{SECTION}},,WASHINGTON_ADMINISTRATIVE_CODE
000859,Washington - Revised Statutes,https://apps.leg.wa.gov/rcw/,Wash. Rev. Code § {{TITLE}}.{{CHAPTER}}.{{SECTION}},,WASHINGTON_STATUTES
000862,West Virginia - Bills,http://www.wvlegislature.gov/Bill_Status/Bills_all_bills.cfm?year=2019&sessiontype=1x&btype=bill,,,
000864,West Virginia - Register,https://apps.sos.wv.gov/adlaw/registers/,,,
000861,West Virginia - Admin Code,https://apps.sos.wv.gov/adlaw/csr/,,,
000865,West Virginia - Revised Statutes,http://www.wvlegislature.gov/wvcode/code.cfm,W. Va. Code § {{CHAPTER}}-{{ARTICLE}}-{{SECTION}},,WEST_VIRGINIA_CODE
000868,Wisconsin - Register,https://docs.legis.wisconsin.gov/code/register,,,
000870,Wisconsin - Session Laws,https://docs.legis.wisconsin.gov/2019,,,
000866,Wisconsin - Admin Code,https://docs.legis.wisconsin.gov/code/admin_code,Wis. Admin. Code {{AGENCY}} § {{CHAPTER}}.{{SECTION}},,WISCONSIN_ADMINISTRATIVE_CODE
000869,Wisconsin - Revised Statutes,https://docs.legis.wisconsin.gov/statutes/prefaces/toc,Wis. Stat. § {{CHAPTER}}.{{SECTION}},,WISCONSIN_STATUTES
001084,Wyoming - Register,https://rules.wyo.gov/Default.aspx,,,
001540,Wyoming - Bills,https://wyoleg.gov/Legislation/2020,,,
000871,Wyoming - Administrative Rules,https://rules.wyo.gov/Search.aspx?mode=1,{{AGENCY}}-{{PROGRAM}} Wyo. Code R. § {{CHAPTER}}-{{SECTION}},,WYOMING_ADMINISTRATIVE_RULES
000874,Wyoming - Revised Statutes,https://www.wyoleg.gov/StateStatutes/StatutesDownload,Wyo. Stat. § {{TITLE}}-{{CHAPTER}}-{{SECTION}},,WYOMING_STATUTES
001660,Revised Statutes of Yukon,http://www.gov.yk.ca/legislation/legislation/page_a.html,,,