"file_id","rank","name","citationFormat","required"
"1","1","ALASKA_STATUTES","","True"
"1","2","TITLE","Alaska Stat., tit. {{TITLE}}","True"
"1","3","CHAPTER","Alaska Stat., tit. {{TITLE}}, chap. {{CHAPTER}}","False"
"1","4","ARTICLE","","False"
"1","5","SECTION","Alaska Stat. § {{SECTION}}","False"
"1","6","PARAGRAPH","Alaska Stat. § {{SECTION}}({{PARAGRAPH}})","False"
"2","1","ALASKA_ADMINISTRATIVE_CODE","","True"
"2","2","TITLE","Alaska Admin. Code tit. {{TITLE}}","True"
"2","3","PART","Alaska Admin. Code tit. {{TITLE}}, pt. {{PART}}","False"
"2","4","CHAPTER","Alaska Admin. Code tit. {{TITLE}}, chap. {{CHAPTER}}","True"
"2","5","ARTICLE","Alaska Admin. Code tit. {{TITLE}}, chap. {{CHAPTER}}, art. {{ARTICLE}}","False"
"2","6","SECTION","Alaska Admin. Code tit. {{TITLE}}, § {{CHAPTER}}.{{SECTION}}","False"
"2","7","PARAGRAPH","Alaska Admin. Code tit. {{TITLE}}, § {{CHAPTER}}.{{SECTION}}({{PARAGRAPH}})","False"
"3","1","MISSOURI_CODE_OF_STATE_REGULATIONS","","True"
"3","2","TITLE","Mo. Code Regs. tit. {{TITLE}}","True"
"3","3","DIVISION","Mo. Code Regs. tit. {{TITLE}}, div. {{DIVISION}}","False"
"3","4","CHAPTER","Mo. Code Regs. tit. {{TITLE}}, div. {{DIVISION}}, chap. {{CHAPTER}}","False"
"3","5","SECTION","Mo. Code Regs. tit. {{TITLE}}, § {{DIVISION}}-{{CHAPTER}}-{{SECTION}}","False"
"3","6","PARAGRAPH","Mo. Code Regs. tit. {{TITLE}}, § {{DIVISION}}-{{CHAPTER}}-{{SECTION}}({{PARAGRAPH}})","False"
"4","0","HAWAII_ADMINISTRATIVE_RULES","","True"
"4","1","TITLE","Haw. Code R. tit. {{TITLE}}","True"
"4","2","SUBTITLE","Haw. Code R. tit. {{TITLE}}, subtit. {{SUBTITLE}}","False"
"4","3","PART","","False"
"4","4","CHAPTER","Haw. Code R. tit. {{TITLE}}, chap. {{CHAPTER}}","False"
"4","5","SECTION","Haw. Code R. § {{TITLE}}-{{CHAPTER}}-{{SECTION}}","True"
"4","6","PARAGRAPH","Haw. Code R. § {{TITLE}}-{{CHAPTER}}-{{SECTION}}({{PARAGRAPH}})","False"
"5","1","HAWAII_REVISED_STATUTES","","True"
"5","2","DIVISION","","True"
"5","3","TITLE","","False"
"5","4","SUBTITLE","","False"
"5","5","CHAPTER","","False"
"5","6","ARTICLE","","False"
"5","7","PART","","False"
"5","8","SUBPART","","False"
"5","9","UPPER LETTER","","False"
"5","10","SECTION","","True"
"6","1","OREGON_REVISED_STATUTES","","True"
"6","2","VOLUME","Or. Rev. Stat., vol. {{VOLUME}}","True"
"6","3","TITLE","Or. Rev. Stat., tit. {{TITLE}}","False"
"6","4","CHAPTER","Or. Rev. Stat., chap. {{CHAPTER}}","True"
"6","5","HEADINGS","","False"
"6","6","SUBHEADINGS","","False"
"6","7","SECTION","Or. Rev. Stat. § {{CHAPTER}}.{{SECTION}}","False"
"6","8","PARAGRAPH","Or. Rev. Stat. § {{CHAPTER}}.{{SECTION}}({{PARAGRAPH}})","False"
"7","1","OREGON_ADMINISTRATIVE_RULES","","True"
"7","2","CHAPTER","Or. Admin. chap. {{CHAPTER}}","True"
"7","3","DIVISION","Or. Admin. chap. {{CHAPTER}}, div. {{DIVISION}}","False"
"7","4","RULE","Or. Admin. R. {{CHAPTER}}-{{DIVISION}}-{{RULE}}","True"
"7","5","PARAPGRAPH","Or. Admin. R. {{CHAPTER}}-{{DIVISION}}-{{RULE}}({{PARAGRAPH}})","False"
"8","1","SOUTH_CAROLINA_CODE_OF_STATE_REGULATIONS","","True"
"8","2","CHAPTER","S.C. Code Regs. ch. {{CHAPTER}}","True"
"8","3","SUBCHAPTER","S.C. Code Regs. ch. {{CHAPTER}}, subch. {{SUBCHAPTER}}","False"
"8","4","TITLE","S.C. Code Regs. chap. {{CHAPTER}}, tit. {{TITLE}}","False"
"8","5","ARTICLE","S.C. Code Regs. chap. {{CHAPTER}}, tit. {{TITLE}}, art. {{ARTICLE}}","False"
"8","6","SUBARTICLE","S.C. Code Regs. chap. {{CHAPTER}}, tit. {{TITLE}}, art. {{ARTICLE}}, subart. {{SUBARTICLE}}","False"
"8","7","SUBPART","S.C. Code Regs. chap. {{CHAPTER}}, tit. {{TITLE}}, subpt. {{SUBPART}}","False"
"8","8","SECTION","S.C. Code Regs. {{CHAPTER}}-{{SECTION}}","False"
"9","1","SOUTH_CAROLINA_CODE_OF_STATE_REGULATIONS","","True"
"9","2","CHAPTER","","True"
"9","3","SUBCHAPTER","","False"
"9","4","TITLE","","False"
"9","5","ARTICLE","","False"
"9","6","SUBARTICLE","","False"
"9","7","SUBPART","","False"
"9","8","SECTION","","False"
"10","1","SOUTH_CAROLINA_CODE_OF_LAWS","","True"
"10","2","TITLE","S.C. Code tit. {{TITLE}}","True"
"10","3","CHAPTER","S.C. Code tit. {{TITLE}}, chap. {{CHAPTER}}","False"
"10","4","ARTICLE","S.C. Code tit. {{TITLE}}, chap. {{CHAPTER}}, art. {{ARTICLE}}","False"
"10","5","SECTION","S.C. Code § {{TITLE}}-{{CHAPTER}}-{{SECTION}}","False"
"11","1","MICHIGAN_ADMINISTRATIVE_CODE","","True"
"11","2","<processingComment>Codes are merged per department name.</processingComment>","Mich. Admin. Code, {{DEPARTMENT}}","True"
"11","3","BUREAU","Mich. Admin. Code, {{BUREAU}}","True"
"11","4","TITLE","Mich. Admin. Code, tit. {{TITLE}}","True"
"11","5","PART","","False"
"11","6","SUBPART","","False"
"11","7","CHAPTER","","False"
"11","8","RULE","Mich. Admin. Code r. {{RULE}}","False"
"11","9","PARAGRAPH","Mich. Admin. Code r. {{RULE}}({{PARAGRAPH}})","False"
"12","1","VERMONT_STATUTES","","True"
"12","2","TITLE","","True"
"12","3","CHAPTER","","False"
"12","4","SUBCHAPTER","","False"
"12","5","ARTICLE","","False"
"12","6","SECTION","","True"
"13","1","CODE_OF_VERMONT_RULES","","True"
"13","2","AGENCY","{{AGENCY}} VT. Code R.","True"
"13","3","SUB_AGENCY","","False"
"13","4","CHAPTER","{{AGENCY}}-{{CHAPTER}} VT. Code R.","False"
"13","5","ARTICLE","{{AGENCY}}-{{CHAPTER}} VT. Code R., art. {{ARTICLE}}","False"
"13","6","SECTION","{{AGENCY}}-{{CHAPTER}} VT. Code R. § {{SECTION}}","True"
"13","7","PARAGRAPH","{{AGENCY}}-{{CHAPTER}} VT. Code R. § {{SECTION}}({{PARAGRAPH}})","False"
"14","1","VERMONT_STATUTES","","True"
"14","2","TITLE","Vt. Stat. tit. {{TITLE}}","True"
"14","3","CHAPTER","Vt. Stat. tit. {{TITLE}}, ch. {{CHAPTER}}","False"
"14","4","SUBCHAPTER","Vt. Stat. tit. {{TITLE}}, ch. {{CHAPTER}}, subch. {{SUBCHAPTER}}","False"
"14","5","ARTICLE","Vt. Stat. tit. {{TITLE}}, chap. {{CHAPTER}}, art. {{ARTICLE}}","False"
"14","6","SECTION","Vt. Stat. tit. {{TITLE}}, § {{SECTION}}","True"
"14","7","PARAGRAPH","","False"
"15","1","NEW_MEXICO_STATUTES","","True"
"15","2","CHAPTER","N.M. Stat., chap. {{CHAPTER}}","True"
"15","3","ARTICLE","N.M. Stat., chap. {{CHAPTER}}, art. {{ARTICLE}}","False"
"15","4","SUB_ARTICLE","","False"
"15","5","PART","","False"
"15","6","SUBPART","","False"
"15","7","SECTION","N.M. Stat. {{CHAPTER}}-{{ARTICLE}}-{{SECTION}}","False"
"16","1","ALABAMA_ADMINISTRATIVE_CODE","","True"
"16","2","TITLE","Ala. Admin. Code. tit. {{TITLE}}","True"
"16","3","CHAPTER","Ala. Admin. Code ch. {{CHAPTER}}","True"
"16","4","RULE","Ala. Admin. Code r. {{CHAPTER}}.{{RULE}}","True"
"16","5","PARAGRAPH","Ala. Admin. Code r. {{CHAPTER}}.{{RULE}}({{PARAGRAPH}})","False"
"17","1","CODE_OF_ALABAMA","","True"
"17","2","TITLE","Ala. Code, tit. {{TITLE}}","True"
"17","3","TITLE_WITHIN_TITLE","","False"
"17","4","CHAPTER","Ala. Code, tit. {{TITLE}}, chap. {{CHAPTER}}","False"
"17","5","ARTICLE","Ala. Code, tit. {{TITLE}}, art. {{ARTICLE}}","False"
"17","6","DIVISION","","False"
"17","7","PART","","False"
"17","8","DIVISION_TWO","","False"
"17","9","SECTION","Ala. Code § {{TITLE}}-{{CHAPTER}}{{ARTICLE}}-{{SECTION}}","False"
"17","10","PARAGRAPH","Ala. Code § {{TITLE}}-{{CHAPTER}}{{ARTICLE}}-{{SECTION}}({{PARAGRAPH}})","False"
"18","1","UTAH_CODE","","True"
"18","2","TITLE","","True"
"18","3","CHAPTER","","False"
"18","4","PART","","False"
"18","5","SECTION","","True"
"19","1","UTAH_CODE","","True"
"19","2","TITLE","Utah Code tit. {{TITLE}}","True"
"19","3","CHAPTER","Utah Code tit. {{TITLE}}, chap. {{CHAPTER}}","False"
"19","4","PART","Utah Code tit. {{TITLE}}, chap. {{CHAPTER}}, part {{PART}}","False"
"19","5","SECTION","Utah Code § {{TITLE}}-{{CHAPTER}}-{{SECTION}}","False"
"19","6","PARAGRAPH","Utah Code § {{TITLE}}-{{CHAPTER}}-{{SECTION}}({{PARAGRAPH}})","False"
"20","1","UTAH_ADMINISTRATIVE_CODE","","True"
"20","2","TITLE","Utah Admin. Code tit. {{TITLE}}","True"
"20","3","CHAPTER","Utah Admin. Code tit. {{TITLE}}, chap. {{CHAPTER}}","False"
"20","4","RULE","Utah Admin. Code r. {{TITLE}}-{{CHAPTER}}-{{RULE}}","True"
"20","5","PARAGRAPH","Utah Admin. Code r. {{TITLE}}-{{CHAPTER}}-{{RULE}}({{PARAGRAPH}})","False"
"21","1","OKLAHOMA_ADMINISTRATIVE_CODE","","True"
"21","2","TITLE","Okla. Admin. Code tit. {{TITLE}}","True"
"21","3","CHAPTER","Okla. Admin. Code tit. {{TITLE}}, chap. {{CHAPTER}}","False"
"21","4","SUBCHAPTER","Okla. Admin. Code tit. {{TITLE}}, chap. {{CHAPTER}}, subchap. {{SUBCHAPTER}}","False"
"21","5","PART","","False"
"21","6","SECTION","Okla. Admin. Code § {{TITLE}}:{{CHAPTER}}-{{SUBCHAPTER}}-{{SECTION}}","True"
"21","7","PARAPGRAPH","Okla. Admin. Code § {{TITLE}}:{{CHAPTER}}-{{SUBCHAPTER}}-{{SECTION}}{{PARAGRAPH}}","False"
"22","1","OKLAHOMA_STATUTES","","True"
"22","2","TITLE","","True"
"22","3","SECTION","","True"
"23","1","NORTH_CAROLINA_GENERAL_STATUTES","","True"
"23","2","CHAPTER","N.C. Gen. Stat., chap. {{CHAPTER}}","True"
"23","3","SUBCHAPTER","N.C. Gen. Stat., chap. {{CHAPTER}}, subchap. {{SUBCHAPTER}}","False"
"23","4","ARTICLE","N.C. Gen. Stat., chap. {{CHAPTER}}, art. {{ARTICLE}}","False"
"23","5","PART","","False"
"23","6","SUBPART","","False"
"23","7","SECTION","N.C. Gen. Stat. § {{CHAPTER}}-{{SECTION}}","True"
"23","8","PARAGRAPH","N.C. Gen. Stat. § {{CHAPTER}}-{{SECTION}}({{PARAGRAPH}})","False"
"24","1","NORTH_CAROLINA_ADMINISTRATIVE_CODE","","True"
"24","2","TITLE","N.C. Admin. Code, tit. {{TITLE}}","True"
"24","3","CHAPTER","N.C. Admin. Code, tit. {{TITLE}}, chap. {{CHAPTER}}","False"
"24","4","SUBCHAPTER","{{TITLE}} N.C. Admin. Code {{CHAPTER}}{{SUBCHAPTER}}","False"
"24","5","ARTICLE","","False"
"24","6","SECTION","","False"
"24","7","RULE","{{TITLE}} N.C. Admin. Code {{CHAPTER}}{{SUBCHAPTER}}.{{RULE}}","False"
"24","8","PARAGRAPH","{{TITLE}} N.C. Admin. Code {{CHAPTER}}{{SUBCHAPTER}}.{{RULE}}({{PARAGRAPH}})","False"
"25","1","MONTANA_CODE","","True"
"25","2","TITLE","","True"
"25","3","CHAPTER","","False"
"25","4","PART","","False"
"25","5","SECTION","","True"
"26","1","MISSISSIPPI_ADMINISTRATIVE_CODE","","True"
"26","2","TITLE","{{TITLE}} Mississippi Administrative Code","True"
"26","3","PART","{{TITLE}} Mississippi Administrative Code, Pt. {{PART}}","True"
"26","4","SUBPART","","False"
"26","5","CHAPTER","","False"
"26","6","SUBCHAPTER","","False"
"26","7","RULE","{{TITLE}} Mississippi Administrative Code, Pt. {{PART}}, R. {{RULE}}","False"
"26","8","PARAPGRAPH","{{TITLE}} Mississippi Administrative Code, Pt. {{PART}}, R. {{RULE}}{{PARAGRAPH}}","False"
"27","1","MISSISSIPPI_CODE","","True"
"27","2","TITLE","Miss. Code tit. {{TITLE}}","True"
"27","3","CHAPTER","Miss. Code tit. {{TITLE}}, chap. {{CHAPTER}}","True"
"27","4","ARTICLE","Miss. Code tit. {{TITLE}}, chap. {{CHAPTER}}, art. {{ARTICLE}}","False"
"27","5","SUBARTICLE","Miss. Code tit. {{TITLE}}, chap. {{CHAPTER}}, art. [{ARTICLE}}, subart. {{SUBARTICLE}}","False"
"27","6","PART","Miss. Code tit. {{TITLE}}, chap. {{CHAPTER}}, pt. {{PART}}","False"
"27","7","SUBPART","Miss. Code tit. {{TITLE}}, chap. {{CHAPTER}}, pt. {{PART}}, subpt. {{SUBPART}}","False"
"27","8","SECTION","Miss. Code § {{TITLE}}-{{CHAPTER}}-{{SECTION}}","True"
"28","1","MISSISSIPPI_CODE","","True"
"28","2","TITLE","","True"
"28","3","CHAPTER","","True"
"28","4","ARTICLE","","False"
"28","5","SUBARTICLE","","False"
"28","6","PART","","False"
"28","7","SUBPART","","False"
"28","8","HEADING","","False"
"28","9","SUBHEADING","","False"
"28","10","SECTION","","True"
"29","1","MARYLAND_STATUTES","","True"
"29","2","ARTICLE","Md. Code, {{ARTICLE}}","True"
"29","3","SECTION","Md. Code, {{ARTICLE}} § {{SECTION}}","True"
"29","4","PARAGRAPH","Md. Code, {{ARTICLE}} § {{SECTION}}({{PARAGRAPH}})","False"
"30","1","KANSAS_ADMINISTRATIVE_REGULATIONS","","True"
"30","2","AGENCY","Kan. Admin. Regs., {{AGENCY}}","True"
"30","3","ARTICLE","Kan. Admin. Regs., {{AGENCY}}, art. {{ARTICLE}}","False"
"30","4","SECTION","Kan. Admin. Regs. § {{AGENCY}}-{{ARTICLE}}-{{SECTION}}","True"
"30","5","PARAGRAPH","Kan. Admin. Regs. § {{AGENCY}}-{{ARTICLE}}-{{SECTION}}({{PARAGRAPH}})","False"
"31","1","KANSAS_STATUTES","","True"
"31","2","CHAPTER","Kan. Stat., chap. {{CHAPTER}}","True"
"31","3","ARTICLE","Kan. Stat., chap. {{CHAPTER}}, art. {{ARTICLE}}","False"
"31","4","SECTION","Kan. Stat. § {{CHAPTER}}-{{SECTION}}","True"
"31","5","PARAGRAPH","Kan. Stat. § {{CHAPTER}}-{{SECTION}}({{PARAGRAPH}})","False"
"32","1","DELAWARE_CODE","","True"
"32","2","TITLE","Del. Code tit. {{TITLE}}","True"
"32","3","SUBTITLE","Del. Code tit. {{TITLE}}, subtit. {{SUBTITLE}}","False"
"32","4","PART","Del. Code tit. {{TITLE}}, subtit. {{SUBTITLE}}, part {{PART}}","False"
"32","5","ARTICLE","Del. Code tit. {{TITLE}}, subtit. {{SUBTITLE}}, part {{PART}}, art. {{ARTICLE}}","False"
"32","6","CHAPTER","Del. Code tit. {{TITLE}}, ch. {{CHAPTER}}","False"
"32","7","SUBCHAPTER","Del. Code tit. {{TITLE}}, ch. {{CHAPTER}}, subch. {{SUBCHAPTER}}","False"
"32","8","PART_IN_SUBCHAPTER","Del. Code tit. {{TITLE}}, ch. {{CHAPTER}}, subch. {{SUBCHAPTER}}, Part {{PART_IN_SUBCHAPTER}}","False"
"32","9","SECTION","Del. Code tit. {{TITLE}}, § {{CHAPTER}}{{SECTION}}","False"
"32","10","PARAGRAPH","Del. Code tit. {{TITLE}}, § {{CHAPTER}}{{SECTION}}({{PARAGRAPH}})","False"
"33","1","DELAWARE_ADMINISTRATIVE_CODE","","True"
"33","2","TITLE","{{TITLE}} Del. Admin. Code","True"
"33","3","DIVISION","{{TITLE}}-{{DIVISION}} Del. Admin. Code","True"
"33","4","PART","{{TITLE}}-{{DIVISION}}-{{PART}} Del. Admin. Code","True"
"33","5","CHAPTER","","False"
"33","6","SECTION","{{TITLE}}-{{DIVISION}}-{{PART}} Del. Admin. Code § {{SECTION}}","True"
"33","7","SUBSECTION","{{TITLE}}-{{DIVISION}}-{{PART}} Del. Admin. Code § {{SECTION}}.{{SUBSECTION}}","False"
"33","8","SUBSUBSECTION","{{TITLE}}-{{DIVISION}}-{{PART}} Del. Admin. Code § {{SECTION}}.{{SUBSECTION}}.{{SUBSUBSECTION}}","False"
"34","1","PENNSYLVANIA_CONSOLIDATED_STATUTES","","True"
"34","2","TITLE","{{TITLE}} Pa Cons. Stat.","True"
"34","3","PART","{{TITLE}} Pa Cons. Stat. pt. {{PART}}","False"
"34","4","SUBPART","{{TITLE}} Pa Cons. Stat. pt. {{PART}}, subpt. {{SUBPART}}","False"
"34","5","DIVISION","{{TITLE}} Pa Cons. Stat. div. {{DIVISION}}","False"
"34","6","ARTICLE","{{TITLE}} Pa Cons. Stat. art. {{ARTICLE}}","False"
"34","7","CHAPTER","{{TITLE}} Pa Cons. Stat. ch. {{CHAPTER}}","False"
"34","8","SUBCHAPTER","{{TITLE}} Pa Cons. Stat. ch. {{CHAPTER}}, subch. {{SUBCHAPTER}}","False"
"34","9","HEADINGS","","False"
"34","10","SECTION","{{TITLE}} Pa Cons. Stat. § {{SECTION}}","False"
"35","1","GEORGIA_BILLS","","True"
"35","2","SESSION","","True"
"35","3","BILL","","True"
"35","4","PART","","False"
"35","5","SECTION","","True"
"36","1","CODE_OF_GEORGIA","","True"
"36","2","TITLE","Ga. Code tit. {{TITLE}}","True"
"36","3","CHAPTER","Ga. Code tit. {{TITLE}}, chap. {{CHAPTER}}","False"
"36","4","ARTICLE","Ga. Code, tit. {{TITLE]], ch. {{CHAPTER}}, art. {{ARTICLE}}","False"
"36","5","PART","Ga. Code, tit. {{TITLE]], ch. {{CHAPTER}}, pt. {{PART}}","False"
"36","6","SUBPART","","False"
"36","7","PART_TWO","","False"
"36","8","SECTION","Ga. Code § {{TITLE}}-{{CHAPTER}}-{{SECTION}}","False"
"37","1","CODE_OF_GEORGIA","","True"
"37","2","TITLE","","True"
"37","3","HEADINGS","","False"
"37","4","CHAPTER","","False"
"37","5","ARTICLE","","False"
"37","6","PART","","False"
"37","7","SUBPART","","False"
"37","8","PART","","False"
"37","9","SUBHEADINGS","","False"
"37","10","SECTION","","False"
"243","1","LOUISIANA_ADMINISTRATIVE_CODE","","True"
"243","2","TITLE","La. Admin. Code tit. {{TITLE}}","True"
"243","3","PART","La. Admin. Code tit. {{TITLE}}, part {{PART}}","False"
"243","4","SUBPART","La. Admin. Code tit. {{TITLE}}, part {{PART}}, subpt. {{SUBPART}}","False"
"243","5","CHAPTER","La. Admin. Code tit. {{TITLE}}, chap. {{CHAPTER}}","False"
"243","6","SUBCHAPTER","La. Admin. Code tit. {{TITLE}}, ch. {{CHAPTER}}, subch. {{SUBCHAPTER}}","False"
"243","7","SECTION","La. Admin. Code tit. {{TITLE}}, § {{SECTION}}","False"
"243","8","PARAGRAPH","La. Admin. Code tit. {{TITLE}}, § {{SECTION}}({{PARAGRAPH}})","False"
"244","1","LOUISIANA_REVISED_STATUTES","","True"
"244","2","TITLE","La. Stat., tit. {{TITLE}}","True"
"244","3","SUBTITLE","","False"
"244","4","CHAPTER","","False"
"244","5","SUBCHAPTER","","False"
"244","6","PART","","False"
"244","7","SUBPART","","False"
"244","8","SECTION","La. Stat. § {{TITLE}}:{{SECTION}}","True"
"244","9","PARAGRAPH","La. Stat. § {{TITLE}}:{{SECTION}}({{PARAGRAPH}})","False"
"245","0","CONNECTICUT_BILLS","","True"
"245","1","SESSION","","True"
"245","2","BILL","","True"
"245","3","PUBLIC ACT","","True"
"245","4","SECTION","","True"
"246","0","CONNECTICUT_STATUTES","","True"
"246","1","VOLUME","","True"
"246","2","TITLE","Conn. Gen. Stat. tit. {{TITLE}}","True"
"246","3","CHAPTER","","False"
"246","4","ARTICLE","","False"
"246","5","PART","","False"
"246","6","SECTION","Conn. Gen. Stat. § {{TITLE}}-{{SECTION}}","True"
"247","1","CONNECTICUT_CODE","","True"
"247","2","TITLE","Conn. Agencies Regs. tit. {{TITLE}}","True"
"247","3","SUBTITLE","Conn. Agencies Regs. subtit. {{TITLE}}-{{SUBTITLE}}","True"
"247","4","SECTION","Conn. Agencies Regs. § {{TITLE}}-{{SUBTITLE}}-{{SECTION}}","True"
"247","5","PARAGRAPH","Conn. Agencies Regs. § {{TITLE}}-{{SUBTITLE}}-{{SECTION}}({{PARAGRAPH}})","False"
"248","1","FLORIDA_STATUTES","","True"
"248","2","TITLE","Fla. Stat. tit. {{TITLE}}","True"
"248","3","CHAPTER","Fla. Stat. ch. {{CHAPTER}}","True"
"248","4","PART","Fla. Stat. ch. {{CHAPTER}}, pt. {{PART}}","False"
"248","5","SECTION","Fla. Stat. § {{CHAPTER}}.{{SECTION}}","True"
"248","6","PARAGRAPH","Fla. Stat. § {{CHAPTER}}.{{SECTION}}({{PARAGRAPH}})","False"
"255","1","NEBRASKA_UNIFORM_COMMERCIAL_CODE","","True"
"255","2","MAIN_HEADING","","True"
"255","3","SECTION","Neb. Rev. Stat. - UCC § {{SECTION}}","True"
"256","1","NEBRASKA_STATUTES","","True"
"256","2","CHAPTER","Neb. Rev. Stat., chap. {{CHAPTER}}","True"
"256","3","SECTION","Neb. Rev. Stat. § {{CHAPTER}}-{{SECTION}}","True"
"256","4","PARAGRAPH","Neb. Rev. Stat. § {{CHAPTER}}-{{SECTION}}({{PARAGRAPH}})","False"
"258","1","TEXAS_ADMINISTRATIVE_CODE","","True"
"258","2","TITLE","Tex. Admin. Code, tit. {{TITLE}}","True"
"258","3","PART","","True"
"258","4","CHAPTER","Tex. Admin. Code, tit. {{TITLE}}, ch. {{CHAPTER}}","True"
"258","5","SUBCHAPTER","","True"
"258","6","DIVISION","{{TITLE}} Tex. Admin. Code, ch. {{CHAPTER}}, div. {{DIVISION}}","False"
"258","7","SECTION","{{TITLE}} Tex. Admin. Code § {{CHAPTER}}.{{SECTION}}","True"
"259","0","TEXAS_STATUTES","","True"
"259","1","CODE","Texas {{CODE}} Code","True"
"259","2","TITLE","Texas {{CODE}} Code, tit. {{TITLE}}","True"
"259","3","SUBTITLE","Texas {{CODE}} Code, tit. {{TITLE}}, subtit. {{SUBTITLE}}","False"
"259","4","CHAPTER","Texas {{CODE}} Code, ch. {{CHAPTER}}","True"
"259","5","SUBCHAPTER","Texas {{CODE}} Code, ch. {{CHAPTER}}, subch. {{SUBCHAPTER}}","False"
"259","6","ARTICLE","Texas {{CODE}} Code, ch. {{CHAPTER}}, subch. {{SUBCHAPTER}}, art. {{ARTICLE}}","False"
"259","7","SECTION","Texas {{CODE}} Code § {{CHAPTER}}.{{SECTION}}","True"
"259","8","PARAGRAPH","Texas {{CODE}} Code § {{CHAPTER}}.{{SECTION}}({{PARAGRAPH}})","False"
"260","0","TEXAS_BILLS","","True"
"260","1","SESSION","","True"
"260","2","BILL","","True"
"260","3","ARTICLE","","False"
"260","4","SECTION","","True"
"285","1","MINNESOTA_STATUTES","","True"
"285","2","TITLE","Minn. Stat. tit. {{TITLE}}","True"
"285","3","CHAPTER","Minn. Stat. tit. {{TITLE}}, ch. {{CHAPTER}}","True"
"285","4","SECTION","Minn. Stat. § {{CHAPTER}}.{{SECTION}}","True"
"285","5","SUBDIVISION","Minn. Stat. § {{CHAPTER}}.{{SECTION}} Subd. {{SUBDIVISION}}","False"
"286","0","MINNESOTA_BILLS","","True"
"286","1","LEGISLATURE_SESSION","","True"
"286","2","BILL","","True"
"286","3","CHAPTER","","False"
"286","4","ARTICLE","","False"
"286","5","SECTION","","True"
"287","1","MINNESOTA_ADMINISTRATIVE_RULES","","True"
"287","2","AGENCY_NAME","Minn. R., {{AGENCY_NAME}}","True"
"287","3","CHAPTER","Minn. R., {{AGENCY_NAME}}, ch. {{CHAPTER}}","True"
"287","4","PART","Minn. R. {{CHAPTER}}.{{PART}}","True"
"287","5","SUBPART","Minn. R. {{CHAPTER}}.{{PART}}({{SUBPART}})","False"
"288","0","CALIFORNIA_BILLS","","True"
"288","1","SESSION","","True"
"288","2","BILL","","True"
"288","3","SECTION","","True"
"289","1","CALIFORNIA_STATUTORY_CODE","","True"
"289","2","CODE","Cal. {{CODE}}","True"
"289","3","TITLE","Cal. {{CODE}} tit. {{TITLE}}","False"
"289","4","DIVISION","Cal. {{CODE}} tit. {{TITLE}} div. {{DIVISION}}","True"
"289","5","PART","Cal. {{CODE}} tit. {{TITLE}} chap. {{CHAPTER}} part {{PART}}","True"
"289","6","CHAPTER","Cal. {{CODE}} tit. {{TITLE}} chap. {{CHAPTER}}","True"
"289","7","ARTICLE","Cal. {{CODE}} tit. {{TITLE}} art. {{ARTICLE}}","True"
"289","8","SECTION","Cal. {{CODE}} § {{SECTION}}","True"
"289","9","LOWERCASE_LETTER","Cal. {{CODE}} § {{SECTION}}{{LOWERCASE_LETTER}}","True"
"290","1","CALIFORNIA_CODE_OF_REGULATIONS","","True"
"290","2","TITLE","Cal. Code Regs. tit. {{TITLE}}","True"
"290","3","DIVISION","","True"
"290","4","CHAPTER","Cal. Code Regs. tit. {{TITLE}}, ch. {{CHAPTER}}","True"
"290","5","SUBCHAPTER","","False"
"290","6","ARTICLE","Cal. Code Regs. tit. {{TITLE}}, ch. {{CHAPTER}}, art. {{ARTICLE}}","False"
"290","7","SECTION","Cal. Code Regs. tit. {{TITLE}}, § {{SECTION}}","True"
"290","8","PARAGRAPH","Cal. Code Regs. tit. {{TITLE}}, § {{SECTION}}({{PARAGRAPH}})","False"
"668","0","US_VA","","True"
"668","1","VIRGINIA_CODE","","True"
"668","2","TITLE","Va. Code, tit. {{TITLE}}","True"
"668","3","SUBTITLE","","True"
"668","4","CHAPTER","Va. Code, tit. {{TITLE}}, chap. {{CHAPTER}}","False"
"668","5","PART","Va. Code, tit. {{TITLE}}, pt. {{PART}}","False"
"668","6","PART_IN_PART","","False"
"668","7","ARTICLE","","False"
"668","8","SECTION","Va. Code § {{TITLE}}-{{SECTION}}","True"
"669","1","VIRGINIA_ADMINISTRATIVE_CODE","","True"
"669","2","TITLE","Va. Admin. Code, tit. {{TITLE}}","True"
"669","3","AGENCY","{{TITLE}} Va. Admin. Code, agency {{AGENCY}}","True"
"669","4","CHAPTER","{{TITLE}} Va. Admin. Code, agency {{AGENCY}}, ch. {{CHAPTER}}","True"
"669","4","PART","","True"
"669","5","SECTION","{{TITLE}} Va. Admin. Code § {{AGENCY}}-{{CHAPTER}}-{{SECTION}}","True"
"669","6","PARAGRAPH","{{TITLE}} Va. Admin. Code § {{AGENCY}}-{{CHAPTER}}-{{SECTION}}({{PARAGRAPH}})","False"
"695","1","FEDERAL_RESERVE_SR_LETTERS","","True"
"695","2","LETTER","SR {{LETTER}}","True"
"696","1","WASHINGTON_ADMINISTRATIVE_CODE","","True"
"696","2","TITLE","Wash. Admin. Code, tit. {{TITLE}}","True"
"696","3","CHAPTER","Wash. Admin. Code, ch. {{TITLE}}-{{CHAPTER}}","True"
"696","4","SECTION","Wash. Admin. Code § {{TITLE}}-{{CHAPTER}}-{{SECTION}}","True"
"697","1","RCW","","True"
"697","2","TITLE","Wash. Rev. Code, tit. {{TITLE}}","True"
"697","3","CHAPTER","Wash. Rev. Code, ch. {{TITLE}}.{{CHAPTER}}","True"
"697","4","ARTICLE","Wash. Rev. Code, ch. {{TITLE}}.{{CHAPTER}}, art. {{ARTICLE}}","False"
"697","5","SECTION","Wash. Rev. Code § {{{TITLE}}.{{CHAPTER}}.{{SECTION}}","True"
"697","6","PARAGRAPH","Wash. Rev. Code § {{{TITLE}}.{{CHAPTER}}.{{SECTION}}({{PARAGRAPH}})","False"
"698","1","MAINE_DEPARTMENT_RULES","","True"
"698","2","DEPARTMENT","Code Me. R., {{DEPARTMENT}}","True"
"698","3","AGENCY","{{AGENCY}} Code Me. R.","True"
"698","4","CHAPTER","{{AGENCY}}-{{CHAPTER}} Code Me. R.","True"
"698","5","ARTICLE","{{AGENCY}}-{{CHAPTER}} Code Me. R., art. {{ARTICLE}}","False"
"698","6","SECTION","{{AGENCY}}-{{CHAPTER}} Code Me. R. § {{SECTION}}","True"
"698","7","PARAGRAPH","{{AGENCY}}-{{CHAPTER}} Code Me. R. § {{SECTION}}({{PARAGRAPH}})","False"
"699","1","MAINE_STATUTES","","True"
"699","2","TITLE","Me. Rev. Stat. tit. {{TITLE}}","True"
"699","3","CHAPTER","","True"
"699","4","SECTION","Me. Rev. Stat. tit. {{TITLE}} § {{SECTION}}","True"
"699","5","PARAGRAPH","Me. Rev. Stat. tit. {{TITLE}} § {{SECTION}}({{PARAGRAPH}})","False"
"700","1","SOUTH_DAKOTA_LAWS","","True"
"700","2","TITLE","S.D. Codified Laws tit. {{TITLE}}","True"
"700","3","CHAPTER","S.D. Codified Laws tit. {{TITLE}}, ch. {{CHAPTER}}","True"
"700","4","SECTION","S.D. Codified Laws § {{TITLE}}-{{CHAPTER}}-{{SECTION}}","True"
"700","5","PARAGRAPH","S.D. Codified Laws § {{TITLE}}-{{CHAPTER}}-{{SECTION}}({{PARAGRAPH}})","False"
"701","1","SOUTH_DAKOTA_ADMINISTRATIVE_RULES","","True"
"701","2","ARTICLE","S.D. Admin R. {{ARTICLE}}","True"
"701","3","CHAPTER","S.D. Admin R. {{ARTICLE}}:{{CHAPTER}}","True"
"701","4","SECTION","S.D. Admin R. {{ARTICLE}}:{{CHAPTER}}:{{SECTION}}","True"
"701","5","PARAGRAPH","S.D. Admin R. {{ARTICLE}}:{{CHAPTER}}:{{SECTION}}({{PARAGRAPH}})","False"
"702","1","RHODE_ISLAND_STATUTES","","True"
"702","2","TITLE","R.I. Gen. Laws, tit. {{TITLE}}","True"
"702","3","CHAPTER","{{TITLE}} R.I. Gen. Laws, ch. {{CHAPTER}}","True"
"702","4","SECTION","{{TITLE}} R.I. Gen. Laws § {{SECTION}}","True"
"703","1","RHODE_ISLAND_CODE_OF_REGULATIONS","","True"
"703","2","TITLE","R.I. Code R., tit {{TITLE}}","True"
"703","3","CHAPTER","R.I. Code R., tit {{TITLE}}, ch. {{CHAPTER}}","True"
"703","4","SUBCHAPTER","{{TITLE}}-{{CHAPTER}}-{{SUBCHAPTER}} R.I. Code R.","True"
"703","5","PART","{{TITLE}}-{{CHAPTER}}-{{SUBCHAPTER}} R.I. Code R., part {{PART}}","True"
"703","6","SECTION","{{TITLE}}-{{CHAPTER}}-{{SUBCHAPTER}} R.I. Code R. § {{SECTION}}","True"
"703","7","SUBSECTION","{{TITLE}}-{{CHAPTER}}-{{SUBCHAPTER}} R.I. Code R. § {{SECTION}}.{{SUBSECTION}}","True"
"703","8","PARAGRAPH","{{TITLE}}-{{CHAPTER}}-{{SUBCHAPTER}} R.I. Code R. § {{SECTION}}.{{SUBSECTION}}{{PARAGRAPH}}","False"
"704","1","COLORADO_CODE_OF_REGULATIONS","","True"
"704","2","DEPARTMENT","Colo. Code Regs., {{DEPARTMENT}}","True"
"704","3","DIVISION","Colo. Code Regs., div. no. {{DIVISION}}","True"
"704","4","CCR","Colo. Code Regs. § {{DIVISION}}-{{CCR}}","True"
"705","1","COLORADO_STATUTES","","True"
"705","2","TITLE","Colo. Rev. Stat. tit. {{TITLE}}","True"
"705","3","ARTICLE","Colo. Rev. Stat. tit. {{TITLE}}, art. {{ARTICLE}}","True"
"705","4","PART","","True"
"705","5","SECTION","Colo. Rev. Stat. § {{TITLE}}-{{ARTICLE}}-{{SECTION}}","True"
"705","6","PARAGRAPH","Colo. Rev. Stat. § {{TITLE}}-{{ARTICLE}}-{{SECTION}}({{PARAGRAPH}})","False"
"706","1","ARIZONA_STATUTES","","True"
"706","2","TITLE","Ariz. Rev. Stat. tit. {{TITLE}}","True"
"706","3","CHAPTER","Ariz. Rev. Stat. tit. {{TITLE}}, ch. {{CHAPTER}}","True"
"706","4","ARTICLE","","True"
"706","5","SECTION","Ariz. Rev. Stat. § {{TITLE}}-{{SECTION}}","True"
"707","1","ARIZONA_ADMINISTRATIVE_CODE","","True"
"707","2","TITLE","Ariz. Admin. Code, tit. {{TITLE}}","True"
"707","3","CHAPTER","Ariz. Admin. Code, tit. {{TITLE}}, ch. {{CHAPTER}}","True"
"707","4","ARTICLE","Ariz. Admin. Code, tit. {{TITLE}}, ch. {{CHAPTER}}, art. {{ARTICLE}}","False"
"707","5","PART","","False"
"707","6","SECTION","Ariz. Admin. Code § {{TITLE}}-{{CHAPTER}}-{{SECTION}}","True"
"707","7","PARAGRAPH","Ariz. Admin. Code § {{TITLE}}-{{CHAPTER}}-{{SECTION}}({{PARAGRAPH}})","False"
"708","1","MONTANA_ADMINISTRATIVE_RULES","","True"
"708","2","DEPARTMENT","Mont. Admin. R. {{DEPARTMENT}}","True"
"708","3","CHAPTER","Mont. Admin. R. {{DEPARTMENT}}.{{CHAPTER}}","True"
"708","4","SUBCHAPTER","","False"
"708","5","RULE","Mont. Admin. R. {{DEPARTMENT}}.{{CHAPTER}}.{{RULE}}","True"
"708","6","PARAGRAPH","Mont. Admin. R. {{DEPARTMENT}}.{{CHAPTER}}.{{RULE}}({{PARAGRAPH}})","False"
"709","0","MONTANA_STATUTES","","True"
"709","2","TITLE","Mont. Code tit. {{TITLE}}","True"
"709","3","CHAPTER","Mont. Code tit. {{TITLE}}, ch. {{CHAPTER}}","True"
"709","4","PART","Mont. Code tit. {{TITLE}}, ch. {{CHAPTER}}, pt. {{PART}}","False"
"709","5","SECTION","Mont. Code § {{TITLE}}-{{CHAPTER}}-{{SECTION}}","True"
"709","6","ARTICLE","Mont. Code § {{TITLE}}-{{CHAPTER}}-{{SECTION}}, art. {{ARTICLE}}","False"
"709","7","PARAGRAPH","Mont. Code § {{TITLE}}-{{CHAPTER}}-{{SECTION}}({{PARAGRAPH}})","False"
"710","1","NEW_JERSEY_STATUTES","","True"
"710","2","TITLE","N.J. Rev. Stat., tit. {{TITLE}}","True"
"710","3","CHAPTER","N.J. Rev. Stat., tit. {{TITLE}}, ch. {{CHAPTER}}","False"
"710","4","SECTION","N.J. Rev. Stat. § {{TITLE}}:{{SECTION}}","True"
"711","0","NEW_HAMPSHIRE_STATUTES","","True"
"711","2","TITLE","N.H. Rev. Stat. tit. {{TITLE}}","True"
"711","3","CHAPTER","N.H. Rev. Stat. § {{CHAPTER}}:","True"
"711","4","SECTION","N.H. Rev. Stat. § {{CHAPTER}}:{{SECTION}}","True"
"712","0","DC_CODE","","True"
"712","1","DIVISION","","True"
"712","2","TITLE","D.C. Code, tit. {{TITLE}}","True"
"712","3","CHAPTER","D.C. Code, tit. {{TITLE}}, ch. {{CHAPTER}}","True"
"712","4","SUBCHAPTER","","False"
"712","5","SECTION","D.C. Code § {{TITLE}}-{{SECTION}}","True"
"712","6","PARAGRAPH","D.C. Code § {{TITLE}}-{{SECTION}}({{PARAGRAPH}})","False"
"713","0","DC_BILLS","","True"
"713","1","SESSION","","True"
"713","2","LAW_ACT","","True"
"713","3","SECTION","","True"
"714","1","INDIANA_ADMINISTRATIVE_CODE","","True"
"714","2","TITLE","Ind. Admin. Code tit. {{TITLE}}","True"
"714","3","ARTICLE","{{TITLE}} Ind. Admin. Code art. {{ARTICLE}}","False"
"714","4","RULE","{{TITLE}} Ind. Admin. Code art. {{ARTICLE}}, r. {{RULE}}","False"
"714","5","REGULATION","{{TITLE}} Ind. Admin. Code {{REGULATION}}","True"
"714","6","PARAGRAPH","{{TITLE}} Ind. Admin. Code {{REGULATION}}({{PARAGRAPH}})","False"
"715","1","INDIANA_CODE","","True"
"715","2","TITLE","Ind. Code, tit. {{TITLE}}","True"
"715","3","ARTICLE","Ind. Code, tit. {{TITLE}}, art. {{ARTICLE}}","True"
"715","4","CHAPTER","Ind. Code, tit. {{TITLE}}, art. {{ARTICLE}}, ch. {{CHAPTER}}","True"
"715","5","SECTION","Ind. Code § {{TITLE}}-{{ARTICLE}}-{{CHAPTER}}-{{SECTION}}","True"
"716","-1","NEW_YORK_LAWS","","True"
"716","2","SUBJECT","N.Y. {{SUBJECT}} LAW","True"
"716","3","PART","N.Y. {{SUBJECT}} LAW, part. {{PART}}","False"
"716","4","TITLE","N.Y. {{SUBJECT}} LAW, tit. {{TITLE}}","False"
"716","5","ARTICLE","N.Y. {{SUBJECT}} LAW, art. {{ARTICLE}}","True"
"716","6","SECTION","N.Y. {{SUBJECT}} LAW § {{SECTION}}","True"
"716","7","PARAGRAPH","N.Y. {{SUBJECT}} LAW § {{SECTION}}, {{PARAGRAPH}}","False"
"717","1","NEW_YORK_ADMINISTRATIVE_CODE","","True"
"717","2","TITLE","N.Y. Comp. Codes R. &amp; Regs. tit. {{TITLE}}","True"
"717","3","SUBTITLE","N.Y. Comp. Codes R. &amp; Regs. tit. {{TITLE}}, subtit. {{SUBTITLE}}","False"
"717","4","CHAPTER","N.Y. Comp. Codes R. &amp; Regs. tit. {{TITLE}}, ch. {{CHAPTER}}","True"
"717","5","SUBCHAPTER","N.Y. Comp. Codes R. &amp; Regs. tit. {{TITLE}}, ch. {{CHAPTER}}, subch. {{SUBCHAPTER}}","False"
"717","6","PART","N.Y. Comp. Codes R. &amp; Regs. tit. {{TITLE}}, pt. {{PART}}","True"
"717","7","SECTION","N.Y. Comp. Codes R. &amp; Regs. tit. {{TITLE}}, § {{PART}}.{{SECTION}}","True"
"717","8","PARAGRAPH","N.Y. Comp. Codes R. &amp; Regs. tit. {{TITLE}}, § {{PART}}.{{SECTION}}({{PARAGRAPH}})","False"
"718","0","NEVADA_BILLS","","True"
"718","1","SESSION","","True"
"718","2","BILL","","True"
"718","3","CHAPTER","","True"
"718","4","SECTION","","True"
"719","1","NEVADA_ADMINISTRATIVE_CODE","","True"
"719","2","CHAPTER","Nev. Admin. Code, ch. {{CHAPTER}}","True"
"719","3","SECTION","Nev. Admin. Code § {{CHAPTER}}.{{SECTION}}","True"
"719","4","PARAGRAPH","","False"
"720","1","NEVADA_STATUTES","","True"
"720","2","TITLE","Nev. Rev. Stat. tit. {{TITLE}}","True"
"720","3","CHAPTER","Nev. Rev. Stat. tit. {{TITLE}}, ch. {{CHAPTER}}","True"
"720","4","DIVISION","","False"
"720","5","ARTICLE","Nev. Rev. Stat. tit. {{TITLE}}, ch. {{CHAPTER}}, art. {{ARTICLE}}","False"
"720","6","PART","Nev. Rev. Stat. tit. {{TITLE}}, ch. {{CHAPTER}}, art. {{ARTICLE}} part {{PART}}","False"
"720","7","SECTION","Nev. Rev. Stat. § {{CHAPTER}}.{{SECTION}}","True"
"720","8","PARAGRAPH","Nev. Rev. Stat. § {{CHAPTER}}.{{SECTION}}, {{PARAGRAPH}}.","False"
"721","0","TENNESSEE_BILLS","","True"
"721","1","SESSION","","True"
"721","2","BILL","","True"
"721","3","SECTION","","True"
"722","0","IOWA_ADMINISTRATIVE_CODE","","True"
"722","2","AGENCY_NAME","Iowa Admin. Code, {{AGENCY}}","True"
"722","3","TITLE","","False"
"722","4","CHAPTER","Iowa Admin. Code, {{AGENCY}}, ch. {{CHAPTER}}","True"
"722","5","SECTION","Iowa Admin. Code r. {{SECTION}}","True"
"723","1","IOWA_CODE","","True"
"723","2","TITLE","Iowa Code, tit. {{TITLE}}","True"
"723","3","CHAPTER","Iowa Code, ch. {{CHAPTER}}","True"
"723","4","SUBCHAPTER","Iowa Code, ch. {{CHAPTER}}, subch. {{SUBCHAPTER}}","False"
"723","5","DIVISION","Iowa Code, ch. {{CHAPTER}}, subch. {{SUBCHAPTER}}, div. {{DIVISION}}","False"
"723","6","PART","Iowa Code, ch. {{CHAPTER}}, subch. {{SUBCHAPTER}}, div. {{DIVISION}}, part {{PART}}","False"
"723","7","SECTION","Iowa Code § {{CHAPTER}}.{{SECTION}}","True"
"723","8","PARAGRAPH","Iowa Code § {{CHAPTER}}.{{SECTION}}({{PARAGRAPH}})","False"
"724","0","MASSACHUSETTS_LAWS","","True"
"724","1","PART","Mass. Gen. Laws pt. {{PART}}","True"
"724","2","TITLE","Mass. Gen. Laws tit. {{TITLE}}","True"
"724","3","CHAPTER","Mass. Gen. Laws ch. {{CHAPTER}}","True"
"724","4","SECTION","Mass. Gen. Laws ch. {{CHAPTER}}, § {{SECTION}}","True"
"724","5","PARAGRAPH","Mass. Gen. Laws ch. {{CHAPTER}}, § {{SECTION}}({{PARAGRAPH}})","False"
"725","1","MASSACHUSETTS_CODE_OF_REGULATIONS","","True"
"725","2","TITLE","Mass. Code Regs., tit. {{TITLE}}","True"
"725","3","REGULATION","{{TITLE}} Mass. Code Regs. {{REGULATION}}","True"
"725","4","SECTION","{{TITLE}} Mass. Code Regs. {{SECTION}}","True"
"725","5","PARAGRAPH","{{TITLE}} Mass. Code Regs. {{SECTION}}({{PARAGRAPH}})","False"
"726","1","WEST_VIRGINIA_CODE","","True"
"726","2","CHAPTER","","True"
"726","3","ARTICLE","W. Va. Code, ch. {{CHAPTER}}, art. {{ARTICLE}}","True"
"726","4","SECTION","W. Va. Code § {{CHAPTER}}-{{ARTICLE}}-{{SECTION}}","True"
"726","5","PARAGRAPH","W. Va. Code § {{CHAPTER}}-{{ARTICLE}}-{{SECTION}}({{PARAGRAPH}})","False"
"727","0","ILLINOIS_REGISTER","","True"
"727","1","VOLUME","","True"
"727","2","ISSUE","","True"
"727","3","PAGE","","True"
"727","4","INDEX","","False"
"727","5","ITEM","","True"
"728","0","ILLINOIS_STATUTES","","True"
"728","1","CHAPTER","{{CHAPTER}} Ill/ Comp. Stat.","True"
"728","2","ACT","{{CHAPTER}} Ill/ Comp. Stat. {{ACT}}","True"
"728","3","CHAPTER_IN_ACT","","False"
"728","4","ARTICLE","","True"
"728","5","PART","","False"
"728","6","SECTION","{{CHAPTER}} Ill. Comp. Stat. {{ACT}}/{{SECTION}}","True"
"728","7","PARAGRAPH","{{CHAPTER}} Ill. Comp. Stat. {{ACT}}/{{SECTION}}({{PARAGRAPH}})","True"
"729","1","ILLINOIS_ADMINISTRATIVE_CODE","","True"
"729","2","TITLE","Ill. Admin. Code tit. {{TITLE}}","True"
"729","3","PART","Ill. Admin. Code tit. {{TITLE}}, pt. {{PART}}","True"
"729","4","SUBPART","Ill. Admin. Code tit. {{TITLE}}, pt. {{PART}}, subpt. {{SUBPART}}","False"
"729","5","SECTION","Ill. Admin. Code tit. {{TITLE}}, § {{PART}}{{SECTION}}","True"
"729","6","PARAGRAPH","Ill. Admin. Code tit. {{TITLE}}, § {{PART}}{{SECTION}}({{PARAGRAPH}})","False"
"751","1","WYOMING_STATUTES","","True"
"751","2","TITLE","Wyo. Stat., tit. {{TITLE}}","True"
"751","3","CHAPTER","Wyo. Stat., tit. {{TITLE}}, ch. {{CHAPTER}}","True"
"751","4","ARTICLE","","True"
"751","5","SECTION","Wyo. Stat. § {{TITLE}}-{{CHAPTER}}-{{SECTION}}","True"
"751","6","PARAGRAPH","Wyo. Stat. § {{TITLE}}-{{CHAPTER}}-{{SECTION}}({{PARAGRAPH}})","False"
"752","1","WYOMING_ADMINISTRATIVE_RULES","","True"
"752","2","AGENCY","{{AGENCY}} Wyo. Code R.","True"
"752","3","PROGRAM","{{AGENCY}}-{{PROGRAM}} Wyo. Code R.","True"
"752","4","CHAPTER","{{AGENCY}}-{{PROGRAM}} Wyo. Code R., ch. {{CHAPTER}}","True"
"752","5","SECTION","{{AGENCY}}-{{PROGRAM}} Wyo. Code R. § {{CHAPTER}}-{{SECTION}}","True"
"753","1","KENTUCKY_STATUTES","","True"
"753","2","TITLE","Ky. Rev. Stat. tit. {{TITLE}}","True"
"753","3","CHAPTER","Ky. Rev. Stat. ch. {{CHAPTER}}","True"
"753","4","SUBCHAPTER","Ky. Rev. Stat. ch. {{CHAPTER}}, subch. {{SUBCHAPTER}}","False"
"753","5","SUBTITLE","Ky. Rev. Stat. ch. {{CHAPTER}}, subtit. {{SUBTITLE}}","False"
"753","6","ARTICLE","Ky. Rev. Stat. ch. {{CHAPTER}}, art. {{ARTICLE}}","False"
"753","7","SECTION","Ky. Rev. Stat. § {{CHAPTER}}.{{SECTION}}","True"
"753","8","PARAGRAPH","Ky. Rev. Stat. § {{CHAPTER}}.{{SECTION}}({{PARAGRAPH}})","False"
"754","1","KENTUCKY_ADMINISTRATIVE_REGULATIONS","","True"
"754","2","TITLE","Ky. Admin. Code tit. {{TITLE}}","True"
"754","3","CHAPTER","{{TITLE}} Ky. Admin. Code ch. {{CHAPTER}}","True"
"754","4","REGULATION","{{TITLE}} Ky. Admin. Code {{CHAPTER}}.{{REGULATION}}","True"
"754","5","SECTION","{{TITLE}} Ky. Admin. Code {{CHAPTER}}.{{REGULATION}}, § {{SECTION}}","True"
"755","0","KENTUCKY_BILLS","","True"
"755","1","SESSION","","True"
"755","2","BILL","","True"
"755","3","SECTION","","True"
"756","1","OHIO_REVISED_CODE","","True"
"756","2","TITLE","Ohio Rev. Code, tit. {{TITLE}}","True"
"756","3","CHAPTER","Ohio Rev. Code, tit. {{TITLE}}, ch. {{CHAPTER}}","True"
"756","4","SECTION","Ohio Rev. Code § {{CHAPTER}}.{{SECTION}}","True"
"756","5","PARAGRAPH","Ohio Rev. Code § {{CHAPTER}}.{{SECTION}}({{PARAGRAPH}})","False"
"757","1","OHIO_ADMINISTRATIVE_CODE","","True"
"757","2","AGENCY","Ohio Admin. Code {{AGENCY}}","True"
"757","3","CHAPTER","Ohio Admin. Code, ch. {{AGENCY}}-{{CHAPTER}}","True"
"757","4","RULE","Ohio Admin. Code {{AGENCY}}-{{CHAPTER}}-{{RULE}}","True"
"757","5","PARAGRAPH","Ohio Admin. Code {{AGENCY}}-{{CHAPTER}}-{{RULE}}({{PARAGRAPH}})","False"
"758","0","OHIO_BILLS","","True"
"758","1","SESSION","","True"
"758","2","BILL","","True"
"758","3","SECTION","","True"
"779","1","WISCONSIN_STATUTES","","True"
"779","2","CATEGORY","Wis. Stat., {{CATEGORY}}","True"
"779","3","CHAPTER","Wis. Stat. ch. {{CHAPTER}}","True"
"779","4","SECTION","Wis. Stat. § {{CHAPTER}}.{{SECTION}}","True"
"779","5","PARAGRAPH","Texas {{CODE}} Code § {{CHAPTER}}.{{SECTION}}({{PARAGRAPH}})","False"
"780","1","WISCONSIN_ADMINISTRATIVE_CODE","","True"
"780","2","AGENCY","","True"
"780","3","CHAPTER","Wisc. Admin. Code {{AGENCY}}, ch. {{CHAPTER}}","True"
"780","4","SUBCHAPTER","Wisc. Admin. Code {{AGENCY}}, ch. {{CHAPTER}}, subch. {{SUBCHAPTER}}","False"
"780","5","SECTION","Wisc. Admin. Code {{AGENCY}} § {{CHAPTER}}.{{SECTION}}","True"
"780","6","PARAGRAPH","Wisc. Admin. Code {{AGENCY}} § {{CHAPTER}}.{{SECTION}}({{PARAGRAPH}})","False"
"781","1","IDAHO_STATUTES","","True"
"781","2","TITLE","Idaho Code, tit. {{TITLE}}","True"
"781","3","CHAPTER","Idaho Code {{TITLE}}-{{CHAPTER}}","True"
"781","4","SECTION","Idaho Code § {{TITLE}}-{{SECTION}}","True"
"781","5","SUBSECTION","Idaho Code § {{TITLE}}-{{SECTION}}({{SUBSECTION}})","False"
"782","1","NORTH_DAKOTA_ADMINISTRATIVE_CODE","","True"
"782","2","TITLE","N.D. Admin. Code {{TITLE}}","True"
"782","3","ARTICLE","N.D. Admin. Code {{TITLE}}-{{ARTICLE}}","True"
"782","4","CHAPTER","N.D. Admin. Code {{TITLE}}-{{ARTICLE}}-{{CHAPTER}}","True"
"782","5","SECTION","N.D. Admin. Code {{TITLE}}-{{ARTICLE}}-{{CHAPTER}}-{{SECTION}}","True"
"782","6","PARAGRAPH","Ohio Admin. Code {{AGENCY}}-{{CHAPTER}}-{{RULE}}({{PARAGRAPH}})","False"
"783","1","NORTH_DAKOTA_CENTURY_CODE","","True"
"783","2","TITLE","N.D. Cent. Code, tit. {{TITLE}}","True"
"783","3","CHAPTER","N.D. Cent. Code, tit. {{TITLE}}, ch. {{CHAPTER}}","True"
"783","4","SECTION","N.D. Cent. Code § {{TITLE}}-{{CHAPTER}}-{{SECTION}}","True"
"783","5","ARTICLE","N.D. Cent. Code § {{TITLE}}-{{CHAPTER}}-{{SECTION}}, art. {{ARTICLE}}","False"
"783","6","PARAGRAPH","N.D. Cent. Code § {{TITLE}}-{{CHAPTER}}-{{SECTION}}({{PARAGRAPH}})","False"
